-- --------------------------------------------------------
-- Host:                         127.0.0.1
-- Server version:               10.4.24-MariaDB - mariadb.org binary distribution
-- Server OS:                    Win64
-- HeidiSQL Version:             12.0.0.6468
-- --------------------------------------------------------

/*!40101 SET @OLD_CHARACTER_SET_CLIENT=@@CHARACTER_SET_CLIENT */;
/*!40101 SET NAMES utf8 */;
/*!50503 SET NAMES utf8mb4 */;
/*!40103 SET @OLD_TIME_ZONE=@@TIME_ZONE */;
/*!40103 SET TIME_ZONE='+00:00' */;
/*!40014 SET @OLD_FOREIGN_KEY_CHECKS=@@FOREIGN_KEY_CHECKS, FOREIGN_KEY_CHECKS=0 */;
/*!40101 SET @OLD_SQL_MODE=@@SQL_MODE, SQL_MODE='NO_AUTO_VALUE_ON_ZERO' */;
/*!40111 SET @OLD_SQL_NOTES=@@SQL_NOTES, SQL_NOTES=0 */;


-- Dumping database structure for rdbsmsdev
CREATE DATABASE IF NOT EXISTS `rdbsmsdev` /*!40100 DEFAULT CHARACTER SET utf8mb4 */;
USE `rdbsmsdev`;

-- Dumping structure for table rdbsmsdev.common_passwordparam
CREATE TABLE IF NOT EXISTS `common_passwordparam` (
  `PARAMCODE` varchar(16) NOT NULL,
  `DESCRIPTION` varchar(64) DEFAULT NULL,
  `UNIT` varchar(16) DEFAULT NULL,
  PRIMARY KEY (`PARAMCODE`)
) ENGINE=InnoDB DEFAULT CHARSET=latin1;

-- Dumping data for table rdbsmsdev.common_passwordparam: ~5 rows (approximately)
INSERT INTO `common_passwordparam` (`PARAMCODE`, `DESCRIPTION`, `UNIT`) VALUES
	('IDLEXP', 'Idle Account Expiry Period', 'Day(s)'),
	('INLATT', 'No of Invalid Login Attempts', 'Attempt(s)'),
	('NOHPWD', 'No of History Password', 'Count'),
	('PASEXP', 'Password Expiy Period', 'Day(s)'),
	('PWEXNP', 'Password Expiry Notification Period', 'Day(s)');

-- Dumping structure for table rdbsmsdev.deliverystatus
CREATE TABLE IF NOT EXISTS `deliverystatus` (
  `STATUSCODE` varchar(20) NOT NULL,
  `DESCRIPTION` varchar(100) DEFAULT NULL,
  PRIMARY KEY (`STATUSCODE`)
) ENGINE=InnoDB DEFAULT CHARSET=latin1;

-- Dumping data for table rdbsmsdev.deliverystatus: ~5 rows (approximately)
INSERT INTO `deliverystatus` (`STATUSCODE`, `DESCRIPTION`) VALUES
	('DELIVRD', 'Delivered'),
	('EXPIRED', 'Expired'),
	('REJECTD', 'Rejected'),
	('UNDELIVERABLE', 'Undeliverable'),
	('UNKNOWN', 'Unknown');

-- Dumping structure for table rdbsmsdev.passwordparam
CREATE TABLE IF NOT EXISTS `passwordparam` (
  `PASSWORDPARAM` varchar(16) NOT NULL,
  `USERROLETYPE` varchar(16) NOT NULL,
  `VALUE` varchar(16) DEFAULT NULL,
  `CREATEDTIME` datetime DEFAULT current_timestamp(),
  `LASTUPDATEDTIME` datetime DEFAULT current_timestamp(),
  `LASTUPDATEDUSER` varchar(64) DEFAULT NULL,
  PRIMARY KEY (`PASSWORDPARAM`,`USERROLETYPE`),
  KEY `PASSWORDPARAM_FK2` (`USERROLETYPE`),
  CONSTRAINT `PASSWORDPARAM_FK1` FOREIGN KEY (`PASSWORDPARAM`) REFERENCES `common_passwordparam` (`PARAMCODE`),
  CONSTRAINT `PASSWORDPARAM_FK2` FOREIGN KEY (`USERROLETYPE`) REFERENCES `userroletype` (`USERROLETYPECODE`)
) ENGINE=InnoDB DEFAULT CHARSET=latin1;

-- Dumping data for table rdbsmsdev.passwordparam: ~5 rows (approximately)
INSERT INTO `passwordparam` (`PASSWORDPARAM`, `USERROLETYPE`, `VALUE`, `CREATEDTIME`, `LASTUPDATEDTIME`, `LASTUPDATEDUSER`) VALUES
	('IDLEXP', 'WEB', '5', '2021-01-13 00:00:00', '2021-01-13 00:00:00', 'admin'),
	('INLATT', 'WEB', '3', '2021-01-13 00:00:00', '2021-01-13 00:00:00', 'admin'),
	('NOHPWD', 'WEB', '2', '2021-01-13 00:00:00', '2021-01-13 00:00:00', 'admin'),
	('PASEXP', 'WEB', '3', '2021-01-13 00:00:00', '2021-01-13 00:00:00', 'admin'),
	('PWEXNP', 'WEB', '10', '2021-01-13 00:00:00', '2021-01-13 00:00:00', 'admin');

-- Dumping structure for table rdbsmsdev.reg_dealership
CREATE TABLE IF NOT EXISTS `reg_dealership` (
  `dealership_code` varchar(20) NOT NULL,
  `dealership_name` varchar(100) DEFAULT NULL,
  `dealership_email` varchar(100) DEFAULT NULL,
  `dealership_phone` varchar(100) DEFAULT NULL,
  `dealership_address` varchar(100) DEFAULT NULL,
  `status` varchar(10) DEFAULT NULL,
  `lastupdateduser` varchar(100) DEFAULT NULL,
  `lastupdatedtime` datetime DEFAULT NULL,
  `createduser` varchar(100) DEFAULT NULL,
  `createdtime` datetime DEFAULT NULL,
  PRIMARY KEY (`dealership_code`)
) ENGINE=InnoDB DEFAULT CHARSET=utf8mb4 COMMENT='Page required. Controlled by price packages.';

-- Dumping data for table rdbsmsdev.reg_dealership: ~7 rows (approximately)
INSERT INTO `reg_dealership` (`dealership_code`, `dealership_name`, `dealership_email`, `dealership_phone`, `dealership_address`, `status`, `lastupdateduser`, `lastupdatedtime`, `createduser`, `createdtime`) VALUES
	('DEAL-0001', 'Bandigo Caravan', 'info@bandigo.com', '97865384', 'Matara', 'ACT', 'admin', '2022-06-27 22:48:55', 'admin', '2022-06-27 22:48:55'),
	('DEAL-0002', 'Auto Leasure & Marline Group', 'info@marline.com', '09234686', 'Jaffna', 'ACT', 'admin', '2022-06-27 22:48:55', 'admin', '2022-06-27 22:48:55'),
	('DEAL-0003', 'Carlions', 'info@carlions.com', '80043834', 'Galle', 'ACT', 'admin', '2022-06-27 22:48:55', 'admin', '2022-06-27 22:48:55'),
	('DEAL-0004', 'Harvey Bay Caravans', 'info@harvey.com', '76512001', 'Winterfell', 'ACT', 'admin', '2022-06-27 22:48:55', 'admin', '2022-06-27 22:48:55'),
	('DEAL-0005', 'Crusader Newcastle', 'info@crusader.new', '23984563', 'Kingslanding', 'ACT', 'admin', '2022-06-27 22:48:55', 'admin', '2022-06-27 22:48:55'),
	('DEAL-0006', 'Crusaders', 'info@crus.com', '96320002', 'Dorne', 'ACT', 'admin', '2022-06-27 22:48:55', 'admin', '2022-06-27 22:48:55'),
	('SUP-16563536790', 'Jays Delership', 'info@jays.deal', '981234123', 'Kegalle', 'CHA', 'john', '2022-07-02 15:43:42', 'jayana', '2022-06-27 23:44:39');

-- Dumping structure for table rdbsmsdev.reg_failure_area
CREATE TABLE IF NOT EXISTS `reg_failure_area` (
  `CODE` varchar(16) NOT NULL,
  `DESCRIPTION` varchar(64) DEFAULT NULL,
  `STATUS` varchar(16) CHARACTER SET latin1 DEFAULT NULL,
  `LASTUPDATEDUSER` varchar(64) DEFAULT NULL,
  `LASTUPDATEDTIME` datetime DEFAULT current_timestamp(),
  `CREATEDTIME` datetime DEFAULT current_timestamp(),
  `CREATEDUSER` varchar(64) DEFAULT NULL,
  PRIMARY KEY (`CODE`),
  KEY `reg_failure_area_FK` (`STATUS`),
  CONSTRAINT `reg_failure_area_FK` FOREIGN KEY (`STATUS`) REFERENCES `status` (`STATUSCODE`)
) ENGINE=InnoDB DEFAULT CHARSET=utf8mb4;

-- Dumping data for table rdbsmsdev.reg_failure_area: ~3 rows (approximately)
INSERT INTO `reg_failure_area` (`CODE`, `DESCRIPTION`, `STATUS`, `LASTUPDATEDUSER`, `LASTUPDATEDTIME`, `CREATEDTIME`, `CREATEDUSER`) VALUES
	('1', 'R F AREA 1', 'ACT', 'admin', '2022-08-31 17:07:16', '2022-08-31 17:07:16', 'admin'),
	('2', 'R F AREA 2', 'ACT', 'admin', '2022-08-31 17:07:16', '2022-08-31 17:07:16', 'admin'),
	('3', 'R F AREA 3', 'ACT', 'admin', '2022-08-31 17:07:16', '2022-08-31 17:07:16', 'admin');

-- Dumping structure for table rdbsmsdev.reg_failure_type
CREATE TABLE IF NOT EXISTS `reg_failure_type` (
  `CODE` varchar(16) NOT NULL,
  `DESCRIPTION` varchar(64) DEFAULT NULL,
  `STATUS` varchar(16) CHARACTER SET latin1 DEFAULT NULL,
  `LASTUPDATEDUSER` varchar(64) DEFAULT NULL,
  `LASTUPDATEDTIME` datetime DEFAULT current_timestamp(),
  `CREATEDTIME` datetime DEFAULT current_timestamp(),
  `CREATEDUSER` varchar(64) DEFAULT NULL,
  PRIMARY KEY (`CODE`),
  KEY `reg_failure_type_FK` (`STATUS`),
  CONSTRAINT `reg_failure_type_FK` FOREIGN KEY (`STATUS`) REFERENCES `status` (`STATUSCODE`)
) ENGINE=InnoDB DEFAULT CHARSET=utf8mb4;

-- Dumping data for table rdbsmsdev.reg_failure_type: ~3 rows (approximately)
INSERT INTO `reg_failure_type` (`CODE`, `DESCRIPTION`, `STATUS`, `LASTUPDATEDUSER`, `LASTUPDATEDTIME`, `CREATEDTIME`, `CREATEDUSER`) VALUES
	('1', 'F TYPE 1', 'ACT', 'admin', '2022-08-31 17:05:03', '2022-08-31 17:05:04', 'admin'),
	('2', 'F TYPE 2', 'ACT', 'admin', '2022-08-31 17:05:03', '2022-08-31 17:05:04', 'admin'),
	('3', 'F TYPE 3', 'ACT', 'admin', '2022-08-31 17:05:03', '2022-08-31 17:05:04', 'admin');

-- Dumping structure for table rdbsmsdev.reg_failure_type_repair
CREATE TABLE IF NOT EXISTS `reg_failure_type_repair` (
  `CODE` varchar(16) NOT NULL,
  `DESCRIPTION` varchar(64) DEFAULT NULL,
  `STATUS` varchar(16) CHARACTER SET latin1 DEFAULT NULL,
  `LASTUPDATEDUSER` varchar(64) DEFAULT NULL,
  `LASTUPDATEDTIME` datetime DEFAULT current_timestamp(),
  `CREATEDTIME` datetime DEFAULT current_timestamp(),
  `CREATEDUSER` varchar(64) DEFAULT NULL,
  PRIMARY KEY (`CODE`),
  KEY `reg_failure_type_repair_FK` (`STATUS`),
  CONSTRAINT `reg_failure_type_repair_FK` FOREIGN KEY (`STATUS`) REFERENCES `status` (`STATUSCODE`)
) ENGINE=InnoDB DEFAULT CHARSET=utf8mb4;

-- Dumping data for table rdbsmsdev.reg_failure_type_repair: ~3 rows (approximately)
INSERT INTO `reg_failure_type_repair` (`CODE`, `DESCRIPTION`, `STATUS`, `LASTUPDATEDUSER`, `LASTUPDATEDTIME`, `CREATEDTIME`, `CREATEDUSER`) VALUES
	('1', 'F R TYPE 1', 'ACT', 'admin', '2022-08-31 17:06:24', '2022-08-31 17:06:24', 'admin'),
	('2', 'F R TYPE 2', 'ACT', 'admin', '2022-08-31 17:06:24', '2022-08-31 17:06:24', 'admin'),
	('3', 'F R TYPE 3', 'ACT', 'admin', '2022-08-31 17:06:24', '2022-08-31 17:06:24', 'admin');

-- Dumping structure for table rdbsmsdev.reg_model
CREATE TABLE IF NOT EXISTS `reg_model` (
  `id` varchar(10) NOT NULL,
  `model` varchar(100) DEFAULT NULL,
  `status` varchar(10) DEFAULT NULL,
  PRIMARY KEY (`id`)
) ENGINE=InnoDB DEFAULT CHARSET=utf8mb4 COMMENT='No page needed. One time data';

-- Dumping data for table rdbsmsdev.reg_model: ~6 rows (approximately)
INSERT INTO `reg_model` (`id`, `model`, `status`) VALUES
	('MOD-0001', 'Duke', 'ACT'),
	('MOD-0002', 'Prince', 'ACT'),
	('MOD-0003', 'Extreame', 'ACT'),
	('MOD-0004', 'Palace', 'ACT'),
	('MOD-0005', 'Warrior', 'ACT'),
	('MOD-0006', 'Chameleon', 'ACT');

-- Dumping structure for table rdbsmsdev.reg_spare_part
CREATE TABLE IF NOT EXISTS `reg_spare_part` (
  `id` int(11) NOT NULL AUTO_INCREMENT,
  `warranty_id` varchar(50) DEFAULT NULL,
  `supplier_id` varchar(50) DEFAULT NULL,
  `token` varchar(50) DEFAULT NULL COMMENT 'Use for loginlees popup',
  `spare_part_type` varchar(20) DEFAULT NULL COMMENT 'For Analysing',
  `spare_part_name` varchar(50) DEFAULT NULL,
  `customer` varchar(50) DEFAULT NULL COMMENT 'First & Last Name',
  `qty` int(3) DEFAULT NULL,
  `tracking_no_supplier` varchar(50) DEFAULT NULL,
  `tracking_no_in_house` varchar(50) DEFAULT NULL,
  PRIMARY KEY (`id`)
) ENGINE=InnoDB AUTO_INCREMENT=162 DEFAULT CHARSET=utf8mb4 COMMENT='No page needed. Related table';

-- Dumping data for table rdbsmsdev.reg_spare_part: ~4 rows (approximately)
INSERT INTO `reg_spare_part` (`id`, `warranty_id`, `supplier_id`, `token`, `spare_part_type`, `spare_part_name`, `customer`, `qty`, `tracking_no_supplier`, `tracking_no_in_house`) VALUES
	(155, 'WDC-16638244806', NULL, NULL, 'P1', NULL, NULL, 1, NULL, NULL),
	(156, 'WDC-16638244806', NULL, NULL, 'P2', NULL, NULL, 2, NULL, NULL),
	(157, 'WDC-16638244806', NULL, NULL, 'P3', NULL, NULL, 3, NULL, NULL),
	(160, 'WDC-20220922164327', NULL, NULL, 'AS', NULL, NULL, 1, NULL, NULL),
	(161, 'WDC-20220922164327', NULL, NULL, 'AS', NULL, NULL, 1, NULL, NULL);

-- Dumping structure for table rdbsmsdev.reg_spare_part_type
CREATE TABLE IF NOT EXISTS `reg_spare_part_type` (
  `id` varchar(20) NOT NULL,
  `part_type` varchar(100) DEFAULT NULL,
  `status` varchar(10) DEFAULT NULL,
  PRIMARY KEY (`id`)
) ENGINE=InnoDB DEFAULT CHARSET=utf8mb4 COMMENT='No page needed. One time data';

-- Dumping data for table rdbsmsdev.reg_spare_part_type: ~10 rows (approximately)
INSERT INTO `reg_spare_part_type` (`id`, `part_type`, `status`) VALUES
	('PART-0001', 'Door-Front-Left', 'ACT'),
	('PART-0002', 'Door-Front-Right', 'ACT'),
	('PART-0003', 'Door-Back-Left', 'ACT'),
	('PART-0004', 'Door-Back-Right', 'ACT'),
	('PART-0005', 'Engine', 'ACT'),
	('PART-0006', 'Radiator', 'ACT'),
	('PART-0007', 'Seat-Front', 'ACT'),
	('PART-0008', 'Seat-Back', 'ACT'),
	('PART-0009', 'Stearing Wheel', 'ACT'),
	('PART-0010', 'Clutch Pad', 'ACT');

-- Dumping structure for table rdbsmsdev.reg_supplier
CREATE TABLE IF NOT EXISTS `reg_supplier` (
  `supplier_code` varchar(15) NOT NULL,
  `supplier_name` varchar(50) DEFAULT NULL,
  `supplier_phone` varchar(15) DEFAULT NULL,
  `supplier_email` varchar(200) DEFAULT NULL,
  `supplier_address` varchar(200) DEFAULT NULL,
  `status` varchar(10) DEFAULT NULL,
  `lastupdateduser` varchar(50) DEFAULT NULL,
  `lastupdatedtime` datetime DEFAULT NULL,
  `createduser` varchar(50) DEFAULT NULL,
  `createdtime` datetime DEFAULT NULL,
  PRIMARY KEY (`supplier_code`)
) ENGINE=InnoDB DEFAULT CHARSET=utf8mb4 COMMENT='Page required. Controlled by price packages.';

-- Dumping data for table rdbsmsdev.reg_supplier: ~5 rows (approximately)
INSERT INTO `reg_supplier` (`supplier_code`, `supplier_name`, `supplier_phone`, `supplier_email`, `supplier_address`, `status`, `lastupdateduser`, `lastupdatedtime`, `createduser`, `createdtime`) VALUES
	('SUP-16562644670', 'Kokalson', '782346759', 'managet@kokalson.com', 'Perth', 'ACT', 'admin', '2022-06-27 14:04:02', 'dilanka', '2022-06-26 22:57:47'),
	('SUP-16562730368', 'Tank Mas', '78675356', 'sddsf@ds', 'Queensla', 'ACT', 'dilanka', '2022-06-27 01:20:36', 'dilanka', '2022-06-27 01:20:36'),
	('SUP-16562738117', 'BodyKit', '90536743', 'body@k.i', 'Roland', 'ACT', 'dilanka', '2022-06-27 01:33:31', 'dilanka', '2022-06-27 01:33:31'),
	('SUP-16563127137', 'Dias Industries', '78563492', 'info@dias.com', 'Colombia', 'CHA', 'admin', '2022-06-27 14:02:39', 'dilanka', '2022-06-27 12:21:53'),
	('SUP1656', 'Light Yearss', '91871231', 'info@lightyear.com', 'Rockhampton', 'ACT', 'dilanka', '2022-06-27 09:05:48', 'jayana', '2022-06-26 22:57:11');

-- Dumping structure for table rdbsmsdev.reg_warranty_attachments
CREATE TABLE IF NOT EXISTS `reg_warranty_attachments` (
  `attachment_id` int(11) NOT NULL AUTO_INCREMENT,
  `warranty_id` varchar(50) NOT NULL,
  `file_name` varchar(256) DEFAULT NULL,
  `file_format` varchar(100) DEFAULT NULL,
  `attachment_file` longblob DEFAULT NULL,
  `createdtime` datetime DEFAULT NULL,
  `attachment_type` varchar(10) DEFAULT NULL,
  PRIMARY KEY (`attachment_id`) USING BTREE
) ENGINE=InnoDB AUTO_INCREMENT=132 DEFAULT CHARSET=utf8mb4;

-- Dumping data for table rdbsmsdev.reg_warranty_attachments: ~20 rows (approximately)

-- Dumping structure for table rdbsmsdev.reg_warranty_claim
CREATE TABLE IF NOT EXISTS `reg_warranty_claim` (
  `id` varchar(50) NOT NULL,
  `chassis` varchar(50) DEFAULT NULL COMMENT 'Chassis Number',
  `model` varchar(10) DEFAULT NULL COMMENT 'Model',
  `first_name` varchar(20) DEFAULT NULL COMMENT 'Customer First Name',
  `last_name` varchar(30) DEFAULT NULL COMMENT 'Customer Last Name',
  `phone` varchar(15) DEFAULT NULL COMMENT 'Customer Phone Number',
  `email` varchar(50) DEFAULT NULL COMMENT 'Customer Email',
  `address` varchar(50) DEFAULT NULL COMMENT 'Customer Address',
  `surburb` varchar(20) DEFAULT NULL COMMENT 'Customer Surburb',
  `state` varchar(20) DEFAULT NULL COMMENT 'Customer State',
  `postcode` varchar(10) DEFAULT NULL COMMENT 'Customer Postcode',
  `dealership` varchar(10) DEFAULT NULL COMMENT 'Dealership',
  `claim_type` varchar(20) DEFAULT NULL COMMENT 'Stock Van, To be Delivered,Warranty Start Date',
  `purchasing_date` date DEFAULT NULL COMMENT 'Purchasing Date',
  `purchasing_attachment_id` varchar(40) DEFAULT NULL,
  `description` varchar(256) DEFAULT NULL COMMENT 'Description',
  `spareparts_id` varchar(40) DEFAULT NULL COMMENT 'Sparepart Request Id/Not Needed?',
  `failiure_type` varchar(10) DEFAULT NULL COMMENT 'Type of Failiure',
  `failiure_area` varchar(10) DEFAULT NULL COMMENT 'Area of Failiure',
  `repair_type` varchar(10) DEFAULT NULL COMMENT 'Type of Repair',
  `repair_description` varchar(256) DEFAULT NULL COMMENT 'Description of Repair',
  `attachments_id` varchar(50) DEFAULT NULL COMMENT 'Attachments Id/How?',
  `cost_type` varchar(50) DEFAULT NULL COMMENT 'Type of Cost',
  `hours` varchar(4) DEFAULT NULL COMMENT 'Hours',
  `labour_rate` varchar(5) DEFAULT NULL COMMENT 'Labour Rate',
  `total_cost` decimal(10,2) DEFAULT NULL COMMENT 'Total Cost estimated by Dealership',
  `cost_description` varchar(256) DEFAULT NULL COMMENT 'Description of Cost',
  `asignee` varchar(50) DEFAULT NULL,
  `supplier` varchar(50) DEFAULT NULL,
  `status` varchar(16) DEFAULT NULL,
  `is_in_house` tinyint(1) DEFAULT NULL,
  `in_house_status` varchar(16) DEFAULT NULL,
  `claim_on_supplier` decimal(10,0) DEFAULT NULL COMMENT 'Total Cost claimed by Headoffice',
  `supplier_url_token` varchar(50) DEFAULT NULL,
  `supplier_auth_amount` decimal(10,0) DEFAULT NULL COMMENT 'Total Cost authorized by Supplier',
  `supplier_tracking_num` varchar(50) DEFAULT NULL,
  `supplier_comment` varchar(50) DEFAULT NULL,
  `supplier_invoice` varchar(50) DEFAULT NULL,
  `acknowledged_date` datetime DEFAULT NULL,
  `last_reminded_date` datetime DEFAULT NULL,
  `is_critical` tinyint(1) DEFAULT 0,
  `createdtime` datetime DEFAULT NULL,
  `createduser` varchar(64) DEFAULT NULL,
  `lastupdatedtime` datetime DEFAULT NULL,
  `lastupdateduser` varchar(64) DEFAULT NULL,
  `comment` varchar(256) DEFAULT NULL,
  `failing_area` varchar(20) DEFAULT NULL,
  PRIMARY KEY (`id`),
  UNIQUE KEY `supplier_url_token` (`supplier_url_token`)
) ENGINE=InnoDB DEFAULT CHARSET=utf8mb4 COMMENT='Page required. Controlled by price packages.';

-- Dumping data for table rdbsmsdev.reg_warranty_claim: ~13 rows (approximately)
INSERT INTO `reg_warranty_claim` (`id`, `chassis`, `model`, `first_name`, `last_name`, `phone`, `email`, `address`, `surburb`, `state`, `postcode`, `dealership`, `claim_type`, `purchasing_date`, `purchasing_attachment_id`, `description`, `spareparts_id`, `failiure_type`, `failiure_area`, `repair_type`, `repair_description`, `attachments_id`, `cost_type`, `hours`, `labour_rate`, `total_cost`, `cost_description`, `asignee`, `supplier`, `status`, `is_in_house`, `in_house_status`, `claim_on_supplier`, `supplier_url_token`, `supplier_auth_amount`, `supplier_tracking_num`, `supplier_comment`, `supplier_invoice`, `acknowledged_date`, `last_reminded_date`, `is_critical`, `createdtime`, `createduser`, `lastupdatedtime`, `lastupdateduser`, `comment`, `failing_area`) VALUES
	('WAR-00001', '1134533', 'MOD-0001', 'Jayana', 'Illuwkatte', '875676766', 'jayana@gmail.com', 'Kegalle', 'testsub', 'test sate', 'testpostco', 'DEAL-0002', NULL, '2022-07-03', NULL, 'weweweww', '111', 'CRASH', 'DOOR', 'REPLACE', 'Replace new Door', NULL, '454554', '4', '2.5', 1000.00, 'Labour cost + handle fee', 'Mark', 'SUP-16562738117', 'WAR_COMPLETED', 1, NULL, 10, '9b1deb4d-3b7d-4bad-9bdd-2b0d7b3dcb00', 8, '1212121212SSW2222222222222232323222222222222222222', 'HA HA - WAR_ACKNOW', 'HA HA - WAR_ACKNOW', NULL, '2022-07-01 00:00:00', 1, '2022-09-30 11:04:09', 'admin', '2022-09-29 17:10:59', 'admin', NULL, 'FAILURE_3'),
	('WDC-00001', '1134533', 'MOD-0001', 'yasas', 'Para', '0770303944', 'pm.yasas@gmail.com', 'Kegalle', NULL, NULL, NULL, 'DEAL-0002', NULL, '2022-07-03', NULL, NULL, '111', 'CRASH', 'DOOR', 'REPLACE', 'Replace new Door', NULL, NULL, '4', '2.5', 1000.00, 'Labour cost + handle fee', 'Mark', 'SUP-16562738117', 'WAR_NOTED', 1, NULL, 10, '11111111111', 8, 'YASAAAAAAAAAAAAAAAAAAAAAAAAAAAAAAAAAAAAAAAAAAAAAAA', 'Yeet', 'HA HA - WAR_ACKNOW', '2022-06-01 00:00:00', '2022-07-03 00:00:00', 1, '2022-09-29 11:04:09', 'admin', '2022-09-22 14:24:01', 'admin', NULL, 'FAILURE_3'),
	('WDC-00002', '1134533', 'MOD-0001', 'Jayana', 'Illuwkatte', '875676766', 'jayana@gmail.com', 'Kegalle', NULL, NULL, NULL, 'DEAL-0002', NULL, '2022-07-20', NULL, NULL, '222', 'CRASH', 'DOOR', 'MODIFY', 'Modify damaged door', NULL, NULL, '6', '2.5', 1000.00, 'Labour cost + handle fee', NULL, NULL, 'WAR_ACKNOW', 1, 'REQUESTED', NULL, '11111111112', NULL, NULL, NULL, 'HA HA - WAR_ACKNOW', NULL, '2022-07-02 00:00:00', 1, '2022-08-29 11:04:09', 'admin', '2022-09-01 11:04:09', 'yasas', NULL, 'FAILURE_3'),
	('WDC-00003', '1134533', 'MOD-0001', 'Jayana', 'Illuwkatte', '875676766', 'jayana@gmail.com', 'Kegalle', NULL, NULL, NULL, 'DEAL-0002', NULL, '2022-07-03', NULL, NULL, '111', 'CRASH', 'DOOR', 'REPLACE', 'Replace new Door', NULL, NULL, '4', '2.5', 1000.00, 'Labour cost + handle fee', 'Mark', 'SUP-16562738117', 'WAR_PEND', 0, NULL, 10, '11111111114', 8, NULL, NULL, 'HA HA - WAR_ACKNOW', NULL, '2022-07-04 00:00:00', 1, '2022-09-29 11:04:09', 'admin', '2022-09-01 11:04:09', 'yasas', NULL, 'FAILURE_3'),
	('WDC-00004', '1134533', 'MOD-0001', 'Jayana', 'Illuwkatte', '875676766', 'jayana@gmail.com', 'Kegalle', NULL, NULL, NULL, 'DEAL-0002', NULL, '2022-07-03', NULL, NULL, '111', 'CRASH', 'DOOR', 'REPLACE', 'Replace new Door', NULL, NULL, '4', '2.5', 1000.00, 'Labour cost + handle fee', 'Mark', 'SUP-16562738117', 'WAR_PEND', 0, NULL, 10, '11111111113', 8, NULL, NULL, 'HA HA - WAR_ACKNOW', NULL, '2022-07-03 00:00:00', 1, '2022-09-29 11:04:09', 'admin', '2022-09-01 11:04:09', 'yasas', NULL, 'FAILURE_2'),
	('WDC-00005', '1134533', 'MOD-0001', 'Jayana', 'Illuwkatte', '875676766', 'jayana@gmail.com', 'Kegalle', NULL, NULL, NULL, 'DEAL-0002', NULL, '2022-07-03', NULL, NULL, '111', 'CRASH', 'DOOR', 'REPACE', 'Replace new Door', NULL, NULL, '4', '2.5', 1000.00, 'Labour cost + handle fee', 'Mark', 'SUP-16562738117', 'WAR_ACKNOW', 0, NULL, 14, '9af67fdb-0f6f-4b55-9065-04b6c1daa5a9', 0, NULL, 'HA HA - WAR_ACKNOW', NULL, '2022-07-07 00:00:00', '2022-07-20 00:00:00', 1, '2022-09-29 11:04:09', 'admin', '2022-09-29 17:53:17', 'admin', '', 'FAILURE_2'),
	('WDC-16638244806', '45MOBTSG-HASAYBSV', 'MOD-0001', 'YASAS', 'PARANAMANA', '0710613134', 'pm.yasas@gmail.com', '143', 'SUB', 'NSW', '10230', 'DEAL-0005', 'TO_BE_DELIVERED', '2022-08-29', NULL, 'DES 1', NULL, '2', '1', '2', 'DES 2', NULL, 'LABOUR', '12', '122', 500.00, 'DES 1', NULL, '', 'WAR_ACKNOW', 0, NULL, NULL, '680fe30f-53a4-44c9-9628-2337c1cd201f', NULL, NULL, NULL, NULL, NULL, NULL, 1, '2022-09-29 11:04:09', 'admin', '2022-09-22 16:27:01', 'admin', '', 'FAILURE_3'),
	('WDC-20220922164327', 'ASA', 'MOD-0004', 'AS', 'AS', '0710613134', 'as', 'AS', 'AS', 'NSW', 'AS', 'DEAL-0005', 'STOCK_VAN', '2022-09-22', NULL, 'AS', NULL, '3', '1', '2', 'AS', NULL, 'LABOUR', '12', '12', 1000.00, 'AS', NULL, NULL, 'WAR_NOTED', 1, NULL, NULL, NULL, NULL, '1212112', NULL, NULL, NULL, NULL, 0, '2022-09-29 11:04:09', 'admin', '2022-09-28 18:19:36', 'admin', NULL, 'FAILURE_2'),
	('WDC-20220922170444', '', '', '', '', '', '', '', '', '', '', 'DEAL-0005', 'TO_BE_DELIVERED', '2022-09-22', NULL, '', NULL, '', '', '', '', NULL, 'LABOUR', '', '', 2323.00, '', NULL, NULL, 'WAR_COMPLETED', 1, NULL, NULL, NULL, NULL, '23333333333333333333333333333333333333333333333333', NULL, NULL, NULL, NULL, 0, '2022-09-29 11:04:09', 'admin', '2022-09-29 17:11:26', 'admin', NULL, 'FAILURE_1'),
	('WDC-20220922170749', '', '', '', '', '', '', '', '', '', '', 'DEAL-0005', 'TO_BE_DELIVERED', '2022-09-22', NULL, '', NULL, '', '', '', '', NULL, 'MATERIALS', '', '', 1000.00, '', NULL, NULL, 'WAR_PEND', NULL, NULL, NULL, NULL, NULL, NULL, NULL, NULL, NULL, NULL, 0, '2022-09-29 11:04:09', 'admin', '2022-09-22 17:07:49', 'admin', NULL, 'FAILURE_1'),
	('WDC-20220922171004', '233', 'MOD-0002', '', '', '', '', '', '', '', '', 'DEAL-0005', 'SOLD', '2022-09-22', NULL, '', NULL, '', '', '', '', NULL, 'MATERIALS', '', '', 1000.00, '', NULL, NULL, 'WAR_PEND', NULL, NULL, NULL, NULL, NULL, NULL, NULL, NULL, NULL, NULL, 0, '2022-09-29 11:04:09', 'admin', '2022-09-22 17:10:04', 'admin', NULL, 'FAILURE_1'),
	('WDC-20220922172907', '', '', '', '', '', '', '', '', '', '', 'DEAL-0005', 'SOLD', '2022-09-22', NULL, '', NULL, '', '', '', '', NULL, 'MATERIALS', '', '', 2233.00, '', NULL, NULL, 'WAR_PEND', NULL, NULL, NULL, NULL, NULL, NULL, NULL, NULL, NULL, NULL, 0, '2022-09-29 11:04:09', 'admin', '2022-09-22 17:29:07', 'admin', NULL, 'FAILURE_1'),
	('WDC-20220922173220', '', '', '', '', '', '', '', '', '', '', 'DEAL-0005', 'SOLD', '2022-09-22', NULL, '', NULL, '', '', '', '', NULL, 'MATERIALS', '', '', 12122.00, '', NULL, 'SUP1656', 'WAR_ACKNOW', 0, NULL, NULL, 'a9394c13-aeeb-444f-90dd-8bfaf0b0d474', NULL, NULL, NULL, NULL, NULL, NULL, 0, '2022-09-29 11:04:09', 'admin', '2022-09-29 17:17:44', 'admin', '', 'FAILURE_1');

-- Dumping structure for table rdbsmsdev.rule_package
CREATE TABLE IF NOT EXISTS `rule_package` (
  `package_code` varchar(10) DEFAULT NULL,
  `description` varchar(10) DEFAULT NULL,
  `suppliers_active` int(11) DEFAULT NULL,
  `suppliers_all` int(11) DEFAULT NULL,
  `dealership_active` int(11) DEFAULT NULL,
  `dealership_all` int(11) DEFAULT NULL,
  `dealership_users_active` int(11) DEFAULT NULL,
  `dealership_users_all` int(11) DEFAULT NULL
) ENGINE=InnoDB DEFAULT CHARSET=utf8mb4;

-- Dumping data for table rdbsmsdev.rule_package: ~4 rows (approximately)
INSERT INTO `rule_package` (`package_code`, `description`, `suppliers_active`, `suppliers_all`, `dealership_active`, `dealership_all`, `dealership_users_active`, `dealership_users_all`) VALUES
	('TRIAL', 'Trial', 3, 3, 3, 3, 1, 1),
	('SMALL', 'Small', 5, 7, 5, 7, 2, 2),
	('MEDIUM', 'Medium', 7, 10, 7, 10, 3, 5),
	('LARGE', 'Large', 15, 20, 15, 20, 10, 10);

-- Dumping structure for table rdbsmsdev.state
CREATE TABLE IF NOT EXISTS `state` (
  `state_id` varchar(10) NOT NULL,
  `state_name` varchar(100) DEFAULT NULL,
  `status` varchar(10) DEFAULT NULL,
  PRIMARY KEY (`state_id`) USING BTREE
) ENGINE=InnoDB DEFAULT CHARSET=utf8mb4 COMMENT='No page needed. One time data';

-- Dumping data for table rdbsmsdev.state: ~6 rows (approximately)
INSERT INTO `state` (`state_id`, `state_name`, `status`) VALUES
	('NSW', 'New South Wales', 'ACT'),
	('QLD', 'Queensland', 'ACT'),
	('SAU', 'South Australia', 'ACT'),
	('TSM', 'Tasmania', 'ACT'),
	('VIC', '	Victoria', 'ACT'),
	('WAU', 'Western Australia', 'ACT');

-- Dumping structure for table rdbsmsdev.status
CREATE TABLE IF NOT EXISTS `status` (
  `STATUSCODE` varchar(16) NOT NULL,
  `DESCRIPTION` varchar(32) DEFAULT NULL,
  `STATUSCATEGORY` varchar(16) DEFAULT NULL,
  PRIMARY KEY (`STATUSCODE`),
  KEY `STATUS_STATUSCATEGORY_FK` (`STATUSCATEGORY`),
  CONSTRAINT `STATUS_STATUSCATEGORY_FK` FOREIGN KEY (`STATUSCATEGORY`) REFERENCES `statuscategory` (`CODE`)
) ENGINE=InnoDB DEFAULT CHARSET=latin1;

-- Dumping data for table rdbsmsdev.status: ~22 rows (approximately)
INSERT INTO `status` (`STATUSCODE`, `DESCRIPTION`, `STATUSCATEGORY`) VALUES
	('ACT', 'Active', 'DFLT'),
	('CHA', 'Changed', 'DFLT'),
	('DEACT', 'Inactive', 'DFLT'),
	('INH_COMPLETED', 'Completed', 'INHOUSE'),
	('INH_NOTED', 'Noted', 'INHOUSE'),
	('INH_REQUESTED', 'Requested', 'INHOUSE'),
	('NEW', 'New', 'DFLT'),
	('PAPR', 'Request Approved', 'PEND'),
	('PEND', 'Pending', 'PEND'),
	('PREJ', 'Request Rejected', 'PEND'),
	('RES', 'Reset', 'DFLT'),
	('SENT', 'Sent', 'COMP'),
	('UNSENT', 'Unsent', 'COMP'),
	('WAR_ACKNOW', 'Ackonwledged', 'WARRANTY'),
	('WAR_APPROVE', 'Approved', 'WARRANTY'),
	('WAR_APPROVE_SU', 'Supplier Approved', 'WARRANTY'),
	('WAR_COMPLETED', 'Completed', 'WARRANTY'),
	('WAR_IN_PURCHASE', 'In Purchase', 'WARRANTY'),
	('WAR_NOTED', 'Noted', 'WARRANTY'),
	('WAR_PEND', 'Pending', 'WARRANTY'),
	('WAR_REJECTED_HO', 'Head Office Rejected', 'WARRANTY'),
	('WAR_REJECTED_SU', 'Supplier Rejected', 'WARRANTY');

-- Dumping structure for table rdbsmsdev.statuscategory
CREATE TABLE IF NOT EXISTS `statuscategory` (
  `CODE` varchar(16) NOT NULL,
  `DESCRIPTION` varchar(64) DEFAULT NULL,
  PRIMARY KEY (`CODE`)
) ENGINE=InnoDB DEFAULT CHARSET=latin1;

-- Dumping data for table rdbsmsdev.statuscategory: ~8 rows (approximately)
INSERT INTO `statuscategory` (`CODE`, `DESCRIPTION`) VALUES
	('AUTH', 'Authentication'),
	('COMP', 'Completed'),
	('DFLT', 'Default'),
	('INHOUSE', 'In House'),
	('PEND', 'Pending'),
	('SENT', 'Sucessfuly sent'),
	('UNSENT', 'Unsuccessfully Sent'),
	('WARRANTY', 'Warranty');

-- Dumping structure for table rdbsmsdev.userparam
CREATE TABLE IF NOT EXISTS `userparam` (
  `PARAMCODE` varchar(16) NOT NULL,
  `DESCRIPTION` varchar(512) DEFAULT NULL,
  `CATEGORY` varchar(16) NOT NULL,
  `STATUS` varchar(16) DEFAULT NULL,
  `LASTUPDATEDUSER` varchar(64) DEFAULT NULL,
  `LASTUPDATEDTIME` datetime DEFAULT current_timestamp(),
  `CREATEDTIME` datetime DEFAULT current_timestamp(),
  `CREATEDUSER` varchar(64) DEFAULT NULL,
  `VALUE` varchar(512) DEFAULT NULL,
  PRIMARY KEY (`PARAMCODE`,`CATEGORY`),
  KEY `USERPARAM_STATUS_FK` (`STATUS`),
  KEY `USERPARAM_CATEGORY_FK` (`CATEGORY`),
  CONSTRAINT `USERPARAM_CATEGORY_FK` FOREIGN KEY (`CATEGORY`) REFERENCES `userparamcategory` (`CODE`),
  CONSTRAINT `USERPARAM_STATUS_FK` FOREIGN KEY (`STATUS`) REFERENCES `status` (`STATUSCODE`)
) ENGINE=InnoDB DEFAULT CHARSET=latin1;

-- Dumping data for table rdbsmsdev.userparam: ~8 rows (approximately)
INSERT INTO `userparam` (`PARAMCODE`, `DESCRIPTION`, `CATEGORY`, `STATUS`, `LASTUPDATEDUSER`, `LASTUPDATEDTIME`, `CREATEDTIME`, `CREATEDUSER`, `VALUE`) VALUES
	('BBB', 'f', 'gg', 'ACT', 'admin', '2021-03-26 00:00:00', '2021-03-26 00:00:00', NULL, '3'),
	('CHECK', 'test', 'gg', 'ACT', 'admin', '2021-06-07 00:00:00', '2021-06-07 00:00:00', NULL, NULL),
	('ggg', 'updated', 'ak', 'ACT', 'admin', '2021-04-30 00:00:00', '2021-04-30 00:00:00', NULL, NULL),
	('HHh', 'rgfhrkfhhhfdshhlkjdxh122', 'gg', 'ACT', 'admin', '2021-03-26 00:00:00', '2021-03-26 00:00:00', NULL, '4'),
	('INFORM', 'sending email to inform about emoji', 'gg', 'ACT', 'admin', '2021-08-29 00:00:00', '2021-08-29 00:00:00', NULL, 'lak.dev94@gmail.com'),
	('MASK_CHAR', 'Masking Character', 'gg', 'ACT', 'jayana', '2019-02-13 00:00:00', '2019-02-13 00:00:00', NULL, 'X'),
	('MASK_LENGTH', 'Number of length show', 'gg', 'ACT', 'jayana', '2019-02-13 00:00:00', '2019-02-13 00:00:00', NULL, '4'),
	('TEST', 'TEST1', 'ak', 'ACT', 'dilanka', '2021-04-30 00:00:00', '2021-04-30 00:00:00', NULL, NULL);

-- Dumping structure for table rdbsmsdev.userparamcategory
CREATE TABLE IF NOT EXISTS `userparamcategory` (
  `CODE` varchar(16) NOT NULL,
  `DESCRIPTION` varchar(64) DEFAULT NULL,
  PRIMARY KEY (`CODE`)
) ENGINE=InnoDB DEFAULT CHARSET=latin1;

-- Dumping data for table rdbsmsdev.userparamcategory: ~3 rows (approximately)
INSERT INTO `userparamcategory` (`CODE`, `DESCRIPTION`) VALUES
	('ak', 'vfvbf'),
	('gg', 'but'),
	('INFORM', 'sending email');

-- Dumping structure for table rdbsmsdev.userrole
CREATE TABLE IF NOT EXISTS `userrole` (
  `USERROLECODE` varchar(16) NOT NULL,
  `DESCRIPTION` varchar(64) DEFAULT NULL,
  `STATUS` varchar(16) DEFAULT NULL,
  `LASTUPDATEDUSER` varchar(64) DEFAULT NULL,
  `LASTUPDATEDTIME` datetime DEFAULT current_timestamp(),
  `CREATEDTIME` datetime DEFAULT current_timestamp(),
  `USERROLETYPE` varchar(16) DEFAULT NULL,
  `CREATEDUSER` varchar(64) DEFAULT NULL,
  PRIMARY KEY (`USERROLECODE`),
  KEY `USERROLE_STATUS_FK` (`STATUS`),
  KEY `USERROLE_USERROLETYPE_FK` (`USERROLETYPE`),
  CONSTRAINT `USERROLE_STATUS_FK` FOREIGN KEY (`STATUS`) REFERENCES `status` (`STATUSCODE`),
  CONSTRAINT `USERROLE_USERROLETYPE_FK` FOREIGN KEY (`USERROLETYPE`) REFERENCES `userroletype` (`USERROLETYPECODE`)
) ENGINE=InnoDB DEFAULT CHARSET=latin1;

-- Dumping data for table rdbsmsdev.userrole: ~3 rows (approximately)
INSERT INTO `userrole` (`USERROLECODE`, `DESCRIPTION`, `STATUS`, `LASTUPDATEDUSER`, `LASTUPDATEDTIME`, `CREATEDTIME`, `USERROLETYPE`, `CREATEDUSER`) VALUES
	('ADMIN', 'Admin', 'ACT', 'admin', '2021-03-31 00:00:00', '2021-01-15 00:00:00', 'WEB', 'admin'),
	('DEALER', 'Dealer Shop', 'ACT', 'admin', '2021-03-31 00:00:00', '2021-01-15 00:00:00', 'WEB', 'admin'),
	('HEADOFFICE', 'Head Office', 'ACT', 'admin', '2021-03-31 00:00:00', '2021-01-15 00:00:00', 'WEB', 'admin');

-- Dumping structure for table rdbsmsdev.userroletype
CREATE TABLE IF NOT EXISTS `userroletype` (
  `USERROLETYPECODE` varchar(16) NOT NULL,
  `DESCRIPTION` varchar(64) DEFAULT NULL,
  `STATUS` varchar(16) DEFAULT NULL,
  PRIMARY KEY (`USERROLETYPECODE`),
  KEY `USERROLETYPE_STATUS_FK` (`STATUS`),
  CONSTRAINT `USERROLETYPE_STATUS_FK` FOREIGN KEY (`STATUS`) REFERENCES `status` (`STATUSCODE`)
) ENGINE=InnoDB DEFAULT CHARSET=latin1;

-- Dumping data for table rdbsmsdev.userroletype: ~2 rows (approximately)
INSERT INTO `userroletype` (`USERROLETYPECODE`, `DESCRIPTION`, `STATUS`) VALUES
	('TAB', 'Tab', 'ACT'),
	('WEB', 'Web', 'ACT');

-- Dumping structure for table rdbsmsdev.web_page
CREATE TABLE IF NOT EXISTS `web_page` (
  `PAGECODE` varchar(16) NOT NULL,
  `DESCRIPTION` varchar(64) DEFAULT NULL,
  `URL` varchar(32) DEFAULT NULL,
  `SORTKEY` smallint(6) DEFAULT NULL,
  `AFLAG` int(11) DEFAULT 0 COMMENT 'Actual dual auth flag',
  `CFLAG` int(11) DEFAULT 0 COMMENT 'Current dual auth flag',
  `STATUS` varchar(16) DEFAULT NULL,
  `LASTUPDATEDUSER` varchar(64) DEFAULT NULL,
  `LASTUPDATEDTIME` datetime DEFAULT current_timestamp(),
  `CREATEDTIME` datetime DEFAULT current_timestamp(),
  `CREATEDUSER` varchar(64) DEFAULT NULL,
  PRIMARY KEY (`PAGECODE`),
  KEY `WEB_PAGE_STATUS_FK` (`STATUS`),
  CONSTRAINT `WEB_PAGE_STATUS_FK` FOREIGN KEY (`STATUS`) REFERENCES `status` (`STATUSCODE`)
) ENGINE=InnoDB DEFAULT CHARSET=latin1;

-- Dumping data for table rdbsmsdev.web_page: ~15 rows (approximately)
INSERT INTO `web_page` (`PAGECODE`, `DESCRIPTION`, `URL`, `SORTKEY`, `AFLAG`, `CFLAG`, `STATUS`, `LASTUPDATEDUSER`, `LASTUPDATEDTIME`, `CREATEDTIME`, `CREATEDUSER`) VALUES
	('ATMT', 'System Audit', 'viewAudit.htm', 4, 0, 0, 'ACT', 'admin', '2021-02-03 00:00:00', '2021-01-22 00:00:00', 'admin'),
	('CLAIMS', 'Warrenty Claims', 'viewWarrantyClaims.htm', 21, 0, 0, 'ACT', 'admin', '2021-03-16 00:00:00', '2021-03-16 00:00:00', 'admin'),
	('CRCLM', 'Critical Claim', 'viewCritical.htm', 23, 0, 0, 'ACT', 'admin', '2021-03-16 00:00:00', '2021-03-16 00:00:00', 'admin'),
	('DEALERSHIP', 'Dealerships', 'viewDealership.htm', 23, 0, 0, 'ACT', 'admin', '2021-03-16 00:00:00', '2021-03-16 00:00:00', 'admin'),
	('INHMT', 'In House ', 'viewInHouse.htm', 22, 0, 0, 'ACT', 'admin', '2021-03-16 00:00:00', '2021-03-16 00:00:00', 'admin'),
	('LGIN', 'Login', 'login', 5, 0, 0, 'ACT', 'admin', '2021-01-22 00:00:00', '2021-01-22 00:00:00', 'admin'),
	('PGMT', 'Pages', 'viewPage.htm', 6, 0, 0, 'ACT', 'admin', '2021-02-03 00:00:00', '2021-02-01 00:00:00', 'admin'),
	('PWCM', 'Password Change Management', 'viewPasswordChange.htm', 3, 0, 0, 'ACT', 'admin', '2021-01-19 00:00:00', '2021-01-19 00:00:00', 'admin'),
	('PWPM', 'Password Policy', 'viewPasswordPolicy.htm', 3, 0, 0, 'ACT', 'admin', '2021-01-19 00:00:00', '2021-01-19 00:00:00', 'admin'),
	('SCMT', 'Sections', 'viewSection.htm', 7, 0, 0, 'ACT', 'admin', '2021-01-22 00:00:00', '2021-01-22 00:00:00', 'admin'),
	('SUPPLIER', 'Suppliers', 'viewSupplier.htm', 22, 0, 0, 'ACT', 'admin', '2021-03-16 00:00:00', '2021-03-16 00:00:00', 'admin'),
	('TSMT', 'Tasks', 'viewTask.htm', 1, 0, 0, 'ACT', 'admin', '2021-01-18 00:00:00', '2021-01-18 00:00:00', 'admin'),
	('UPMT', 'User parameter Management', 'viewUserParam.htm', 15, 0, 0, 'ACT', 'admin', '2021-03-16 00:00:00', '2021-03-16 00:00:00', 'admin'),
	('URMT', 'User Roles', 'viewUserRole.htm', 2, 0, 0, 'ACT', 'admin', '2021-11-30 12:54:22', '2021-01-18 00:00:00', 'admin'),
	('USMT', 'Users', 'viewSystemUser.htm', 8, 0, 0, 'ACT', 'admin', '2021-02-08 00:00:00', '2021-02-08 00:00:00', 'admin');

-- Dumping structure for table rdbsmsdev.web_pagetask
CREATE TABLE IF NOT EXISTS `web_pagetask` (
  `USERROLE` varchar(16) NOT NULL,
  `PAGE` varchar(16) NOT NULL,
  `TASK` varchar(16) NOT NULL,
  `LASTUPDATEDUSER` varchar(64) DEFAULT NULL,
  `LASTUPDATEDTIME` datetime DEFAULT current_timestamp(),
  `CREATETIME` datetime DEFAULT current_timestamp(),
  PRIMARY KEY (`USERROLE`,`PAGE`,`TASK`),
  KEY `WEB_PAGETASK_PAGE_FK` (`PAGE`),
  KEY `WEB_PAGETASK_TASK_FK` (`TASK`),
  CONSTRAINT `WEB_PAGETASK_PAGE_FK` FOREIGN KEY (`PAGE`) REFERENCES `web_page` (`PAGECODE`),
  CONSTRAINT `WEB_PAGETASK_TASK_FK` FOREIGN KEY (`TASK`) REFERENCES `web_task` (`TASKCODE`),
  CONSTRAINT `WEB_PAGETASK_USERROLE_FK` FOREIGN KEY (`USERROLE`) REFERENCES `userrole` (`USERROLECODE`)
) ENGINE=InnoDB DEFAULT CHARSET=latin1;

-- Dumping data for table rdbsmsdev.web_pagetask: ~87 rows (approximately)
INSERT INTO `web_pagetask` (`USERROLE`, `PAGE`, `TASK`, `LASTUPDATEDUSER`, `LASTUPDATEDTIME`, `CREATETIME`) VALUES
	('ADMIN', 'ATMT', 'ADD', 'admin', '2021-02-22 00:00:00', '2021-02-22 00:00:00'),
	('ADMIN', 'ATMT', 'SRCH', 'admin', '2021-02-22 00:00:00', '2021-02-22 00:00:00'),
	('ADMIN', 'ATMT', 'VIEW', 'admin', '2021-02-22 00:00:00', '2021-02-22 00:00:00'),
	('ADMIN', 'CLAIMS', 'ADD', 'admin', '2022-09-22 10:56:17', '2022-09-22 10:56:17'),
	('ADMIN', 'CLAIMS', 'DEL', 'admin', '2022-09-22 10:56:17', '2022-09-22 10:56:17'),
	('ADMIN', 'CLAIMS', 'UPDATE', 'admin', '2022-09-14 13:27:49', '2022-09-14 13:27:49'),
	('ADMIN', 'CLAIMS', 'VIEW', 'admin', '2022-09-14 13:27:49', '2022-09-14 13:27:49'),
	('ADMIN', 'CRCLM', 'ADD', 'admin', '2022-09-16 09:32:11', '2022-09-16 09:32:11'),
	('ADMIN', 'CRCLM', 'DEL', 'admin', '2022-09-16 09:32:11', '2022-09-16 09:32:11'),
	('ADMIN', 'CRCLM', 'UPDATE', 'admin', '2022-09-16 09:32:11', '2022-09-16 09:32:11'),
	('ADMIN', 'CRCLM', 'VIEW', 'admin', '2022-09-16 09:32:11', '2022-09-16 09:32:11'),
	('ADMIN', 'DEALERSHIP', 'ADD', 'admin', '2022-09-14 13:28:58', '2022-09-14 13:28:58'),
	('ADMIN', 'DEALERSHIP', 'DEL', 'admin', '2022-09-14 13:28:58', '2022-09-14 13:28:58'),
	('ADMIN', 'DEALERSHIP', 'SRCH', 'admin', '2022-09-14 13:28:58', '2022-09-14 13:28:58'),
	('ADMIN', 'DEALERSHIP', 'UPDATE', 'admin', '2022-09-14 13:28:58', '2022-09-14 13:28:58'),
	('ADMIN', 'DEALERSHIP', 'VIEW', 'admin', '2022-09-14 13:28:58', '2022-09-14 13:28:58'),
	('ADMIN', 'INHMT', 'ADD', 'admin', '2022-09-16 09:32:04', '2022-09-16 09:32:04'),
	('ADMIN', 'INHMT', 'DEL', 'admin', '2022-09-16 09:32:04', '2022-09-16 09:32:04'),
	('ADMIN', 'INHMT', 'UPDATE', 'admin', '2022-09-16 09:32:04', '2022-09-16 09:32:04'),
	('ADMIN', 'INHMT', 'VIEW', 'admin', '2022-09-16 09:32:04', '2022-09-16 09:32:04'),
	('ADMIN', 'PGMT', 'CONF', 'admin', '2021-01-20 00:00:00', '2021-01-20 00:00:00'),
	('ADMIN', 'PGMT', 'REJT', 'admin', '2021-01-20 00:00:00', '2021-01-20 00:00:00'),
	('ADMIN', 'PGMT', 'UPDATE', 'admin', '2021-01-20 00:00:00', '2021-01-20 00:00:00'),
	('ADMIN', 'PGMT', 'VIEW', 'admin', '2021-01-20 00:00:00', '2021-01-20 00:00:00'),
	('ADMIN', 'PWPM', 'ADD', 'admin', '2021-02-22 00:00:00', '2021-02-22 00:00:00'),
	('ADMIN', 'PWPM', 'CONF', 'admin', '2021-02-22 00:00:00', '2021-02-22 00:00:00'),
	('ADMIN', 'PWPM', 'DEL', 'admin', '2021-02-22 00:00:00', '2021-02-22 00:00:00'),
	('ADMIN', 'PWPM', 'REJT', 'admin', '2021-02-22 00:00:00', '2021-02-22 00:00:00'),
	('ADMIN', 'PWPM', 'UPDATE', 'admin', '2021-02-22 00:00:00', '2021-02-22 00:00:00'),
	('ADMIN', 'PWPM', 'VIEW', 'admin', '2021-02-22 00:00:00', '2021-02-22 00:00:00'),
	('ADMIN', 'SCMT', 'ADD', 'admin', '2021-02-01 00:00:00', '2021-02-01 00:00:00'),
	('ADMIN', 'SCMT', 'CONF', 'admin', '2021-02-01 00:00:00', '2021-02-01 00:00:00'),
	('ADMIN', 'SCMT', 'DEL', 'admin', '2021-01-20 00:00:00', '2021-01-20 00:00:00'),
	('ADMIN', 'SCMT', 'REJT', 'admin', '2021-01-20 00:00:00', '2021-01-20 00:00:00'),
	('ADMIN', 'SCMT', 'UPDATE', 'admin', '2021-01-20 00:00:00', '2021-01-20 00:00:00'),
	('ADMIN', 'SCMT', 'VIEW', 'admin', '2021-01-20 00:00:00', '2021-01-20 00:00:00'),
	('ADMIN', 'SUPPLIER', 'ADD', 'admin', '2022-09-14 13:29:03', '2022-09-14 13:29:03'),
	('ADMIN', 'SUPPLIER', 'DEL', 'admin', '2022-09-14 13:29:03', '2022-09-14 13:29:03'),
	('ADMIN', 'SUPPLIER', 'UPDATE', 'admin', '2022-09-14 13:29:03', '2022-09-14 13:29:03'),
	('ADMIN', 'SUPPLIER', 'VIEW', 'admin', '2022-09-14 13:29:03', '2022-09-14 13:29:03'),
	('ADMIN', 'TSMT', 'ADD', 'admin', '2021-02-01 00:00:00', '2021-02-01 00:00:00'),
	('ADMIN', 'TSMT', 'CONF', 'admin', '2021-02-01 00:00:00', '2021-02-01 00:00:00'),
	('ADMIN', 'TSMT', 'DEL', 'admin', '2021-01-20 00:00:00', '2021-01-20 00:00:00'),
	('ADMIN', 'TSMT', 'REJT', 'admin', '2021-01-20 00:00:00', '2021-01-20 00:00:00'),
	('ADMIN', 'TSMT', 'UPDATE', 'admin', '2021-01-20 00:00:00', '2021-01-20 00:00:00'),
	('ADMIN', 'TSMT', 'VIEW', 'admin', '2021-01-20 00:00:00', '2021-01-20 00:00:00'),
	('ADMIN', 'UPMT', 'ADD', 'admin', '2021-02-22 00:00:00', '2021-02-22 00:00:00'),
	('ADMIN', 'UPMT', 'CONF', 'admin', '2021-02-22 00:00:00', '2021-02-22 00:00:00'),
	('ADMIN', 'UPMT', 'DEL', 'admin', '2021-02-22 00:00:00', '2021-02-22 00:00:00'),
	('ADMIN', 'UPMT', 'REJT', 'admin', '2021-02-22 00:00:00', '2021-02-22 00:00:00'),
	('ADMIN', 'UPMT', 'UPDATE', 'admin', '2021-02-22 00:00:00', '2021-02-22 00:00:00'),
	('ADMIN', 'UPMT', 'VIEW', 'admin', '2021-02-22 00:00:00', '2021-02-22 00:00:00'),
	('ADMIN', 'URMT', 'ADD', 'admin', '2021-02-01 00:00:00', '2021-02-01 00:00:00'),
	('ADMIN', 'URMT', 'ASGNPAGE', 'admin', '2021-02-08 00:00:00', '2021-02-08 00:00:00'),
	('ADMIN', 'URMT', 'ASGNTASK', 'admin', '2021-02-08 00:00:00', '2021-02-08 00:00:00'),
	('ADMIN', 'URMT', 'CONF', 'admin', '2021-02-01 00:00:00', '2021-02-01 00:00:00'),
	('ADMIN', 'URMT', 'DEL', 'admin', '2021-01-20 00:00:00', '2021-01-20 00:00:00'),
	('ADMIN', 'URMT', 'REJT', 'admin', '2021-01-20 00:00:00', '2021-01-20 00:00:00'),
	('ADMIN', 'URMT', 'UPDATE', 'admin', '2021-01-20 00:00:00', '2021-01-20 00:00:00'),
	('ADMIN', 'URMT', 'VIEW', 'admin', '2021-01-20 00:00:00', '2021-01-20 00:00:00'),
	('ADMIN', 'USMT', 'ADD', 'admin', '2021-02-08 00:00:00', '2021-02-08 00:00:00'),
	('ADMIN', 'USMT', 'CONF', 'admin', '2021-02-08 00:00:00', '2021-02-08 00:00:00'),
	('ADMIN', 'USMT', 'DEL', 'admin', '2021-02-08 00:00:00', '2021-02-08 00:00:00'),
	('ADMIN', 'USMT', 'REJT', 'admin', '2021-02-08 00:00:00', '2021-02-08 00:00:00'),
	('ADMIN', 'USMT', 'UPDATE', 'admin', '2021-02-08 00:00:00', '2021-02-08 00:00:00'),
	('ADMIN', 'USMT', 'VIEW', 'admin', '2021-02-08 00:00:00', '2021-02-08 00:00:00'),
	('DEALER', 'CLAIMS', 'ADD', 'admin', '2022-09-14 13:43:16', '2022-09-14 13:43:16'),
	('DEALER', 'CLAIMS', 'UPDATE', 'admin', '2022-09-30 19:23:35', '2022-09-30 19:23:35'),
	('DEALER', 'CLAIMS', 'VIEW', 'admin', '2022-09-14 13:43:16', '2022-09-14 13:43:16'),
	('HEADOFFICE', 'CLAIMS', 'ADD', 'admin', '2022-09-14 13:20:53', '2022-09-14 13:20:53'),
	('HEADOFFICE', 'CLAIMS', 'DEL', 'admin', '2022-09-14 13:20:53', '2022-09-14 13:20:53'),
	('HEADOFFICE', 'CLAIMS', 'UPDATE', 'admin', '2022-09-14 13:20:53', '2022-09-14 13:20:53'),
	('HEADOFFICE', 'CLAIMS', 'VIEW', 'admin', '2022-09-14 13:20:53', '2022-09-14 13:20:53'),
	('HEADOFFICE', 'DEALERSHIP', 'ADD', 'jayana', '2022-06-27 23:51:21', '2022-06-27 23:51:21'),
	('HEADOFFICE', 'DEALERSHIP', 'DEL', 'jayana', '2022-06-27 23:51:21', '2022-06-27 23:51:21'),
	('HEADOFFICE', 'DEALERSHIP', 'SRCH', 'jayana', '2022-06-27 23:51:21', '2022-06-27 23:51:21'),
	('HEADOFFICE', 'DEALERSHIP', 'UPDATE', 'jayana', '2022-06-27 23:51:21', '2022-06-27 23:51:21'),
	('HEADOFFICE', 'DEALERSHIP', 'VIEW', 'jayana', '2022-06-27 23:51:21', '2022-06-27 23:51:21'),
	('HEADOFFICE', 'SUPPLIER', 'ADD', 'jayana', '2022-06-27 23:51:26', '2022-06-27 23:51:26'),
	('HEADOFFICE', 'SUPPLIER', 'DEL', 'jayana', '2022-06-27 23:51:26', '2022-06-27 23:51:26'),
	('HEADOFFICE', 'SUPPLIER', 'UPDATE', 'jayana', '2022-06-27 23:51:26', '2022-06-27 23:51:26'),
	('HEADOFFICE', 'SUPPLIER', 'VIEW', 'jayana', '2022-06-27 23:51:26', '2022-06-27 23:51:26');

-- Dumping structure for table rdbsmsdev.web_pagetask_template
CREATE TABLE IF NOT EXISTS `web_pagetask_template` (
  `PAGE` varchar(16) NOT NULL,
  `TASK` varchar(16) NOT NULL,
  `LASTUPDATEDUSER` varchar(64) NOT NULL,
  `LASTUPDATEDTIME` datetime NOT NULL DEFAULT current_timestamp(),
  `CREATETIME` datetime NOT NULL DEFAULT current_timestamp(),
  PRIMARY KEY (`PAGE`,`TASK`),
  KEY `WEB_PAGETASK_TEMPLATE_TASK` (`TASK`),
  CONSTRAINT `WEB_PAGETASK_TEMPLATE_PAGE_FK` FOREIGN KEY (`PAGE`) REFERENCES `web_page` (`PAGECODE`),
  CONSTRAINT `WEB_PAGETASK_TEMPLATE_TASK` FOREIGN KEY (`TASK`) REFERENCES `web_task` (`TASKCODE`)
) ENGINE=InnoDB DEFAULT CHARSET=latin1;

-- Dumping data for table rdbsmsdev.web_pagetask_template: ~57 rows (approximately)
INSERT INTO `web_pagetask_template` (`PAGE`, `TASK`, `LASTUPDATEDUSER`, `LASTUPDATEDTIME`, `CREATETIME`) VALUES
	('CLAIMS', 'ADD', 'admin', '2022-06-25 19:25:07', '2022-06-25 19:25:07'),
	('CLAIMS', 'DEL', 'admin', '2022-06-25 19:25:07', '2022-06-25 19:25:07'),
	('CLAIMS', 'UPDATE', 'admin', '2022-06-25 19:25:07', '2022-06-25 19:25:07'),
	('CLAIMS', 'VIEW', 'admin', '2022-06-25 19:25:07', '2022-06-25 19:25:07'),
	('CRCLM', 'ADD', 'admin', '2022-06-25 19:25:07', '2022-06-25 19:25:07'),
	('CRCLM', 'DEL', 'admin', '2022-06-25 19:25:07', '2022-06-25 19:25:07'),
	('CRCLM', 'UPDATE', 'admin', '2022-06-25 19:25:07', '2022-06-25 19:25:07'),
	('CRCLM', 'VIEW', 'admin', '2022-06-25 19:25:07', '2022-06-25 19:25:07'),
	('DEALERSHIP', 'ADD', 'admin', '2022-06-25 19:25:07', '2022-06-25 19:25:07'),
	('DEALERSHIP', 'DEL', 'admin', '2022-06-25 19:25:07', '2022-06-25 19:25:07'),
	('DEALERSHIP', 'SRCH', 'admin', '2022-06-25 19:25:07', '2022-06-25 19:25:07'),
	('DEALERSHIP', 'UPDATE', 'admin', '2022-06-25 19:25:07', '2022-06-25 19:25:07'),
	('DEALERSHIP', 'VIEW', 'admin', '2022-06-25 19:25:07', '2022-06-25 19:25:07'),
	('INHMT', 'ADD', 'admin', '2022-06-25 19:25:07', '2022-06-25 19:25:07'),
	('INHMT', 'DEL', 'admin', '2022-06-25 19:25:07', '2022-06-25 19:25:07'),
	('INHMT', 'UPDATE', 'admin', '2022-06-25 19:25:07', '2022-06-25 19:25:07'),
	('INHMT', 'VIEW', 'admin', '2022-06-25 19:25:07', '2022-06-25 19:25:07'),
	('PGMT', 'CONF', 'admin', '2021-01-20 00:00:00', '2021-01-20 00:00:00'),
	('PGMT', 'REJT', 'admin', '2021-01-20 00:00:00', '2021-01-20 00:00:00'),
	('PGMT', 'UPDATE', 'admin', '2021-01-20 00:00:00', '2021-01-20 00:00:00'),
	('PGMT', 'VIEW', 'admin', '2021-01-20 00:00:00', '2021-01-20 00:00:00'),
	('PWPM', 'ADD', 'admin', '2021-02-22 00:00:00', '2021-02-22 00:00:00'),
	('PWPM', 'CONF', 'admin', '2021-02-22 00:00:00', '2021-02-22 00:00:00'),
	('PWPM', 'DEL', 'admin', '2021-02-22 00:00:00', '2021-02-22 00:00:00'),
	('PWPM', 'REJT', 'admin', '2021-02-22 00:00:00', '2021-02-22 00:00:00'),
	('PWPM', 'UPDATE', 'admin', '2021-02-22 00:00:00', '2021-02-22 00:00:00'),
	('PWPM', 'VIEW', 'admin', '2021-02-22 00:00:00', '2021-02-22 00:00:00'),
	('SCMT', 'ADD', 'admin', '2021-01-20 00:00:00', '2021-01-20 00:00:00'),
	('SCMT', 'CONF', 'admin', '2021-01-20 00:00:00', '2021-01-20 00:00:00'),
	('SCMT', 'DEL', 'admin', '2021-01-20 00:00:00', '2021-01-20 00:00:00'),
	('SCMT', 'REJT', 'admin', '2021-01-20 00:00:00', '2021-01-20 00:00:00'),
	('SCMT', 'UPDATE', 'admin', '2021-01-20 00:00:00', '2021-01-20 00:00:00'),
	('SCMT', 'VIEW', 'admin', '2021-01-20 00:00:00', '2021-01-20 00:00:00'),
	('SUPPLIER', 'ADD', 'admin', '2022-06-25 19:25:07', '2022-06-25 19:25:07'),
	('SUPPLIER', 'DEL', 'admin', '2022-06-25 19:25:07', '2022-06-25 19:25:07'),
	('SUPPLIER', 'UPDATE', 'admin', '2022-06-25 19:25:07', '2022-06-25 19:25:07'),
	('SUPPLIER', 'VIEW', 'admin', '2022-06-25 19:25:07', '2022-06-25 19:25:07'),
	('TSMT', 'ADD', 'admin', '2021-01-20 00:00:00', '2021-01-20 00:00:00'),
	('TSMT', 'CONF', 'admin', '2021-01-20 00:00:00', '2021-01-20 00:00:00'),
	('TSMT', 'DEL', 'admin', '2021-01-20 00:00:00', '2021-01-20 00:00:00'),
	('TSMT', 'REJT', 'admin', '2021-01-20 00:00:00', '2021-01-20 00:00:00'),
	('TSMT', 'UPDATE', 'admin', '2021-01-20 00:00:00', '2021-01-20 00:00:00'),
	('TSMT', 'VIEW', 'admin', '2021-01-20 00:00:00', '2021-01-20 00:00:00'),
	('UPMT', 'ADD', 'admin', '2021-02-22 00:00:00', '2021-02-22 00:00:00'),
	('UPMT', 'CONF', 'admin', '2021-02-22 00:00:00', '2021-02-22 00:00:00'),
	('UPMT', 'DEL', 'admin', '2021-02-22 00:00:00', '2021-02-22 00:00:00'),
	('UPMT', 'REJT', 'admin', '2021-02-22 00:00:00', '2021-02-22 00:00:00'),
	('UPMT', 'UPDATE', 'admin', '2021-02-22 00:00:00', '2021-02-22 00:00:00'),
	('UPMT', 'VIEW', 'admin', '2021-02-22 00:00:00', '2021-02-22 00:00:00'),
	('URMT', 'ADD', 'admin', '2021-01-20 00:00:00', '2021-01-20 00:00:00'),
	('URMT', 'ASGNPAGE', 'admin', '2021-01-20 00:00:00', '2021-01-20 00:00:00'),
	('URMT', 'ASGNTASK', 'admin', '2021-01-20 00:00:00', '2021-01-20 00:00:00'),
	('URMT', 'CONF', 'admin', '2021-01-20 00:00:00', '2021-01-20 00:00:00'),
	('URMT', 'DEL', 'admin', '2021-01-20 00:00:00', '2021-01-20 00:00:00'),
	('URMT', 'REJT', 'admin', '2021-01-20 00:00:00', '2021-01-20 00:00:00'),
	('URMT', 'UPDATE', 'admin', '2021-01-20 00:00:00', '2021-01-20 00:00:00'),
	('URMT', 'VIEW', 'admin', '2021-01-20 00:00:00', '2021-01-20 00:00:00');

-- Dumping structure for table rdbsmsdev.web_passwordhistory
CREATE TABLE IF NOT EXISTS `web_passwordhistory` (
  `ID` int(11) NOT NULL AUTO_INCREMENT,
  `USERNAME` varchar(64) DEFAULT NULL,
  `PASSWORD` varchar(255) DEFAULT NULL,
  `LASTUPDATEDUSER` varchar(64) DEFAULT NULL,
  `LASTUPDATEDTIME` datetime DEFAULT current_timestamp(),
  `CREATEDTIME` datetime DEFAULT current_timestamp(),
  PRIMARY KEY (`ID`)
) ENGINE=InnoDB AUTO_INCREMENT=143 DEFAULT CHARSET=latin1;

-- Dumping data for table rdbsmsdev.web_passwordhistory: ~73 rows (approximately)
INSERT INTO `web_passwordhistory` (`ID`, `USERNAME`, `PASSWORD`, `LASTUPDATEDUSER`, `LASTUPDATEDTIME`, `CREATEDTIME`) VALUES
	(12, 'admin', '5994471abb01112afcc18159f6cc74b4f511b99806da59b3caf5a9c173cacfc5', 'admin', '2021-11-11 08:35:23', '2021-11-11 08:35:23'),
	(13, 'admin', 'a665a45920422f9d417e4867efdc4fb8a04a1f3fff1fa07e998e86f7f7a27ae3', 'admin', '2021-11-11 08:35:23', '2021-11-11 08:35:23'),
	(14, 'admin', 'a665a45920422f9d417e4867efdc4fb8a04a1f3fff1fa07e998e86f7f7a27ae3', 'admin', '2021-11-11 08:35:23', '2021-11-11 08:35:23'),
	(15, 'admin', 'a665a45920422f9d417e4867efdc4fb8a04a1f3fff1fa07e998e86f7f7a27ae3', 'admin', '2021-11-11 08:35:23', '2021-11-11 08:35:23'),
	(16, 'admin', '03ac674216f3e15c761ee1a5e255f067953623c8b388b4459e13f978d7c846f4', 'admin', '2021-11-11 08:35:23', '2021-11-11 08:35:23'),
	(17, 'admin', '5994471abb01112afcc18159f6cc74b4f511b99806da59b3caf5a9c173cacfc5', 'admin', '2021-11-11 08:35:23', '2021-11-11 08:35:23'),
	(18, 'admin', 'a665a45920422f9d417e4867efdc4fb8a04a1f3fff1fa07e998e86f7f7a27ae3', 'admin', '2021-11-11 08:35:24', '2021-11-11 08:35:24'),
	(21, 'admin', 'a665a45920422f9d417e4867efdc4fb8a04a1f3fff1fa07e998e86f7f7a27ae3', 'admin', '2021-11-11 08:35:24', '2021-11-11 08:35:24'),
	(41, 'rahul', 'ca978112ca1bbdcafac231b39a23dc4da786eff8147c4e72b9807785afee48bb', 'rahul', '2021-11-11 08:35:22', '2021-11-11 08:35:22'),
	(61, 'abcd', '3e23e8160039594a33894f6564e1b1348bbd7a0088d42c4acb73eeaed59c009d', 'abcd', '2021-11-11 08:35:22', '2021-11-11 08:35:22'),
	(62, 'milie', 'ca978112ca1bbdcafac231b39a23dc4da786eff8147c4e72b9807785afee48bb', 'milie', '2021-11-11 08:35:23', '2021-11-11 08:35:23'),
	(81, 'qa1', 'ca978112ca1bbdcafac231b39a23dc4da786eff8147c4e72b9807785afee48bb', 'qa1', '2021-11-11 08:35:24', '2021-11-11 08:35:24'),
	(82, 'qa2', 'ca978112ca1bbdcafac231b39a23dc4da786eff8147c4e72b9807785afee48bb', 'qa2', '2021-11-11 08:35:24', '2021-11-11 08:35:24'),
	(83, 'admin', 'ca978112ca1bbdcafac231b39a23dc4da786eff8147c4e72b9807785afee48bb', 'admin', '2021-11-30 13:00:33', '2021-11-30 13:00:33'),
	(84, 'dilanka', 'ca978112ca1bbdcafac231b39a23dc4da786eff8147c4e72b9807785afee48bb', 'dilanka', '2021-11-30 13:24:19', '2021-11-30 13:24:19'),
	(85, 'admin', 'ca978112ca1bbdcafac231b39a23dc4da786eff8147c4e72b9807785afee48bb', 'admin', '2021-11-30 13:36:38', '2021-11-30 13:36:38'),
	(86, 'ad1', 'ca978112ca1bbdcafac231b39a23dc4da786eff8147c4e72b9807785afee48bb', 'ad1', '2021-12-01 18:05:25', '2021-12-01 18:05:25'),
	(87, 'ad', 'ca978112ca1bbdcafac231b39a23dc4da786eff8147c4e72b9807785afee48bb', 'ad', '2021-12-01 18:14:45', '2021-12-01 18:14:45'),
	(88, 'ad', 'ca978112ca1bbdcafac231b39a23dc4da786eff8147c4e72b9807785afee48bb', 'ad', '2021-12-01 18:15:08', '2021-12-01 18:15:08'),
	(89, 'admin', 'ca978112ca1bbdcafac231b39a23dc4da786eff8147c4e72b9807785afee48bb', 'admin', '2021-12-01 18:27:29', '2021-12-01 18:27:29'),
	(90, 'admin', '6b51d431df5d7f141cbececcf79edf3dd861c3b4069f0b11661a3eefacbba918', 'admin', '2021-12-01 19:18:35', '2021-12-01 19:18:35'),
	(91, 'admin', 'ca978112ca1bbdcafac231b39a23dc4da786eff8147c4e72b9807785afee48bb', 'admin', '2021-12-02 09:12:53', '2021-12-02 09:12:53'),
	(92, 'dilanka', 'ca978112ca1bbdcafac231b39a23dc4da786eff8147c4e72b9807785afee48bb', 'dilanka', '2021-12-02 13:40:16', '2021-12-02 13:40:16'),
	(93, 'ad1', 'ca978112ca1bbdcafac231b39a23dc4da786eff8147c4e72b9807785afee48bb', 'ad1', '2021-12-02 16:29:44', '2021-12-02 16:29:44'),
	(94, 'ad', 'ca978112ca1bbdcafac231b39a23dc4da786eff8147c4e72b9807785afee48bb', 'ad', '2021-12-06 12:08:10', '2021-12-06 12:08:10'),
	(95, 'ad', 'fb8e20fc2e4c3f248c60c39bd652f3c1347298bb977b8b4d5903b85055620603', 'ad', '2021-12-06 12:09:03', '2021-12-06 12:09:03'),
	(96, 'ad', 'ca978112ca1bbdcafac231b39a23dc4da786eff8147c4e72b9807785afee48bb', 'ad', '2021-12-06 12:15:45', '2021-12-06 12:15:45'),
	(97, 'ad', 'fb8e20fc2e4c3f248c60c39bd652f3c1347298bb977b8b4d5903b85055620603', 'ad', '2021-12-06 12:16:08', '2021-12-06 12:16:08'),
	(98, 'ad', 'ca978112ca1bbdcafac231b39a23dc4da786eff8147c4e72b9807785afee48bb', 'ad', '2021-12-06 12:16:41', '2021-12-06 12:16:41'),
	(99, 'ad', 'ca978112ca1bbdcafac231b39a23dc4da786eff8147c4e72b9807785afee48bb', 'ad', '2021-12-06 12:17:54', '2021-12-06 12:17:54'),
	(100, 'dilanka', 'ca978112ca1bbdcafac231b39a23dc4da786eff8147c4e72b9807785afee48bb', 'dilanka', '2021-12-06 12:36:01', '2021-12-06 12:36:01'),
	(101, 'qa1', 'ca978112ca1bbdcafac231b39a23dc4da786eff8147c4e72b9807785afee48bb', 'qa1', '2021-12-06 13:06:03', '2021-12-06 13:06:03'),
	(102, 'qa1', '961b6dd3ede3cb8ecbaacbd68de040cd78eb2ed5889130cceb4c49268ea4d506', 'qa1', '2021-12-06 13:10:30', '2021-12-06 13:10:30'),
	(103, 'qa2', 'ca978112ca1bbdcafac231b39a23dc4da786eff8147c4e72b9807785afee48bb', 'qa2', '2021-12-06 13:26:10', '2021-12-06 13:26:10'),
	(104, 'admin', 'ca978112ca1bbdcafac231b39a23dc4da786eff8147c4e72b9807785afee48bb', 'admin', '2021-12-06 13:35:53', '2021-12-06 13:35:53'),
	(105, 'kasun', 'ca978112ca1bbdcafac231b39a23dc4da786eff8147c4e72b9807785afee48bb', 'kasun', '2021-12-06 13:38:28', '2021-12-06 13:38:28'),
	(106, 'kasun', 'fb8e20fc2e4c3f248c60c39bd652f3c1347298bb977b8b4d5903b85055620603', 'kasun', '2021-12-06 13:47:02', '2021-12-06 13:47:02'),
	(107, 'admin', 'fb8e20fc2e4c3f248c60c39bd652f3c1347298bb977b8b4d5903b85055620603', 'admin', '2021-12-06 13:54:39', '2021-12-06 13:54:39'),
	(108, 'admin', 'ca978112ca1bbdcafac231b39a23dc4da786eff8147c4e72b9807785afee48bb', 'admin', '2021-12-07 09:35:07', '2021-12-07 09:35:07'),
	(109, 'admin', '6b86b273ff34fce19d6b804eff5a3f5747ada4eaa22f1d49c01e52ddb7875b4b', 'admin', '2021-12-07 10:08:07', '2021-12-07 10:08:07'),
	(110, 'admin', 'ca978112ca1bbdcafac231b39a23dc4da786eff8147c4e72b9807785afee48bb', 'admin', '2021-12-07 12:52:38', '2021-12-07 12:52:38'),
	(111, 'admin', '6b86b273ff34fce19d6b804eff5a3f5747ada4eaa22f1d49c01e52ddb7875b4b', 'admin', '2021-12-07 12:53:18', '2021-12-07 12:53:18'),
	(112, 'admin', 'ca978112ca1bbdcafac231b39a23dc4da786eff8147c4e72b9807785afee48bb', 'admin', '2021-12-07 12:56:55', '2021-12-07 12:56:55'),
	(113, 'admin', '6b86b273ff34fce19d6b804eff5a3f5747ada4eaa22f1d49c01e52ddb7875b4b', 'admin', '2021-12-07 13:09:54', '2021-12-07 13:09:54'),
	(114, 'admin', 'ca978112ca1bbdcafac231b39a23dc4da786eff8147c4e72b9807785afee48bb', 'admin', '2021-12-07 13:10:26', '2021-12-07 13:10:26'),
	(115, 'admin', '6b86b273ff34fce19d6b804eff5a3f5747ada4eaa22f1d49c01e52ddb7875b4b', 'admin', '2021-12-07 13:11:38', '2021-12-07 13:11:38'),
	(116, 'admin', 'ca978112ca1bbdcafac231b39a23dc4da786eff8147c4e72b9807785afee48bb', 'admin', '2021-12-07 13:12:52', '2021-12-07 13:12:52'),
	(117, 'admin', '6b86b273ff34fce19d6b804eff5a3f5747ada4eaa22f1d49c01e52ddb7875b4b', 'admin', '2021-12-07 13:14:42', '2021-12-07 13:14:42'),
	(118, 'admin', 'ca978112ca1bbdcafac231b39a23dc4da786eff8147c4e72b9807785afee48bb', 'admin', '2021-12-07 13:15:23', '2021-12-07 13:15:23'),
	(119, 'admin', '6b86b273ff34fce19d6b804eff5a3f5747ada4eaa22f1d49c01e52ddb7875b4b', 'admin', '2021-12-07 13:20:58', '2021-12-07 13:20:58'),
	(120, 'admin', 'ca978112ca1bbdcafac231b39a23dc4da786eff8147c4e72b9807785afee48bb', 'admin', '2021-12-07 13:30:29', '2021-12-07 13:30:29'),
	(121, 'admin', 'ca978112ca1bbdcafac231b39a23dc4da786eff8147c4e72b9807785afee48bb', 'admin', '2021-12-07 14:05:01', '2021-12-07 14:05:01'),
	(122, 'admin', '6b86b273ff34fce19d6b804eff5a3f5747ada4eaa22f1d49c01e52ddb7875b4b', 'admin', '2021-12-07 14:08:01', '2021-12-07 14:08:01'),
	(123, 'admin', 'ca978112ca1bbdcafac231b39a23dc4da786eff8147c4e72b9807785afee48bb', 'admin', '2021-12-07 15:08:02', '2021-12-07 15:08:02'),
	(124, 'admin', '6b86b273ff34fce19d6b804eff5a3f5747ada4eaa22f1d49c01e52ddb7875b4b', 'admin', '2021-12-07 15:52:40', '2021-12-07 15:52:40'),
	(125, 'admin', 'c9b67c05980707d31bf0eb14d300b7fd3d2bfe69387cf3a31e1e77716e7dd66f', 'admin', '2021-12-07 17:21:13', '2021-12-07 17:21:13'),
	(126, 'admin', 'c9b67c05980707d31bf0eb14d300b7fd3d2bfe69387cf3a31e1e77716e7dd66f', 'admin', '2021-12-07 17:24:24', '2021-12-07 17:24:24'),
	(127, 'admin', 'c9b67c05980707d31bf0eb14d300b7fd3d2bfe69387cf3a31e1e77716e7dd66f', 'admin', '2021-12-07 17:26:20', '2021-12-07 17:26:20'),
	(128, 'admin', 'c9b67c05980707d31bf0eb14d300b7fd3d2bfe69387cf3a31e1e77716e7dd66f', 'admin', '2021-12-07 17:28:46', '2021-12-07 17:28:46'),
	(129, 'kasun', 'ca978112ca1bbdcafac231b39a23dc4da786eff8147c4e72b9807785afee48bb', 'kasun', '2021-12-09 10:26:10', '2021-12-09 10:26:10'),
	(130, 'kasun', 'cd436ecb0165a8220d7209adb0881967b8b7c07502661f7665dc1060be5cbacf', 'kasun', '2021-12-09 11:10:32', '2021-12-09 11:10:32'),
	(131, 'kasun', '4b656e708a67767cdfce3e9fc5cb10b199453910537400cf66112450d05501f9', 'kasun', '2021-12-09 11:11:08', '2021-12-09 11:11:08'),
	(132, 'kasun', '2d111bdbc8506184535e5460c9e64ced16412db25f1d2c4a8cdff253dd1fdd77', 'kasun', '2021-12-09 11:15:08', '2021-12-09 11:15:08'),
	(133, 'kasun', '5d1e6446026e1f15519370ded163c020cc441c928cd15fb5d39a70f73ce0397c', 'kasun', '2021-12-09 11:15:48', '2021-12-09 11:15:48'),
	(134, 'kasun', 'cd436ecb0165a8220d7209adb0881967b8b7c07502661f7665dc1060be5cbacf', 'kasun', '2021-12-09 11:18:50', '2021-12-09 11:18:50'),
	(135, 'kasun', '8683d2640fb858da5394f7d8089462fee0747c7ef15fa18a103b6d2d00df232f', 'kasun', '2021-12-09 11:19:34', '2021-12-09 11:19:34'),
	(136, 'kasun', 'e0c4b4e3c86403ce3a1ad1059afd6239b3a038f8cbb058d7b6bbcc8abcc0cc8a', 'kasun', '2021-12-09 11:24:00', '2021-12-09 11:24:00'),
	(137, 'kasun', '23e556b29042efeeed876949b4e78aa1d9061bd5ae91803b7db1c0d947c33eaf', 'kasun', '2021-12-09 11:24:28', '2021-12-09 11:24:28'),
	(138, 'kasun', '3e6e6bbb7e38ff6b0c083159439b0ef9743cc5ef868040d6e7597cfad3c570cc', 'kasun', '2021-12-09 11:26:41', '2021-12-09 11:26:41'),
	(139, 'kasun', '4b656e708a67767cdfce3e9fc5cb10b199453910537400cf66112450d05501f9', 'kasun', '2021-12-09 11:55:02', '2021-12-09 11:55:02'),
	(140, 'qan', 'ca978112ca1bbdcafac231b39a23dc4da786eff8147c4e72b9807785afee48bb', 'qan', '2021-12-09 15:23:51', '2021-12-09 15:23:51'),
	(141, 'di1', 'ca978112ca1bbdcafac231b39a23dc4da786eff8147c4e72b9807785afee48bb', 'di1', '2021-12-10 09:59:18', '2021-12-10 09:59:18'),
	(142, 'jayana', 'ca978112ca1bbdcafac231b39a23dc4da786eff8147c4e72b9807785afee48bb', 'jayana', '2022-06-25 15:11:08', '2022-06-25 15:11:08');

-- Dumping structure for table rdbsmsdev.web_passwordpolicy
CREATE TABLE IF NOT EXISTS `web_passwordpolicy` (
  `PASSWORDPOLICYID` int(11) NOT NULL,
  `MINIMUMLENGTH` bigint(20) DEFAULT NULL,
  `MAXIMUMLENGTH` bigint(20) DEFAULT NULL,
  `MINIMUMSPECIALCHARACTERS` bigint(20) DEFAULT NULL,
  `MINIMUMUPPERCASECHARACTERS` bigint(20) DEFAULT NULL,
  `MINIMUMNUMERICALCHARACTERS` bigint(20) DEFAULT NULL,
  `MINIMUMLOWERCASECHARACTERS` bigint(20) DEFAULT NULL,
  `LASTUPDATEDUSER` varchar(32) DEFAULT NULL,
  `LASTUPDATEDTIME` datetime DEFAULT current_timestamp(),
  `CREATETIME` datetime DEFAULT current_timestamp(),
  `NOOFINVALIDLOGINATTEMPT` bigint(20) DEFAULT NULL,
  `REPEATCHARACTERSALLOW` bigint(20) DEFAULT NULL,
  `INITIALPASSWORDEXPIRYSTATUS` bigint(20) DEFAULT NULL,
  `PASSWORDEXPIRYPERIOD` bigint(20) DEFAULT NULL,
  `NOOFHISTORYPASSWORD` bigint(20) DEFAULT NULL,
  `MINIMUMPASSWORDCHANGEPERIOD` bigint(20) DEFAULT NULL,
  `IDLEACCOUNTEXPIRYPERIOD` bigint(20) DEFAULT NULL,
  `DESCRIPTION` varchar(64) DEFAULT NULL,
  PRIMARY KEY (`PASSWORDPOLICYID`)
) ENGINE=InnoDB DEFAULT CHARSET=latin1;

-- Dumping data for table rdbsmsdev.web_passwordpolicy: ~1 rows (approximately)
INSERT INTO `web_passwordpolicy` (`PASSWORDPOLICYID`, `MINIMUMLENGTH`, `MAXIMUMLENGTH`, `MINIMUMSPECIALCHARACTERS`, `MINIMUMUPPERCASECHARACTERS`, `MINIMUMNUMERICALCHARACTERS`, `MINIMUMLOWERCASECHARACTERS`, `LASTUPDATEDUSER`, `LASTUPDATEDTIME`, `CREATETIME`, `NOOFINVALIDLOGINATTEMPT`, `REPEATCHARACTERSALLOW`, `INITIALPASSWORDEXPIRYSTATUS`, `PASSWORDEXPIRYPERIOD`, `NOOFHISTORYPASSWORD`, `MINIMUMPASSWORDCHANGEPERIOD`, `IDLEACCOUNTEXPIRYPERIOD`, `DESCRIPTION`) VALUES
	(1, 4, 7, 1, 1, 1, 1, 'admin', '2021-12-09 15:22:17', '2021-01-20 00:00:00', 300, 1, 0, 500, 1, 100, 100, 'Admin User Password');

-- Dumping structure for table rdbsmsdev.web_section
CREATE TABLE IF NOT EXISTS `web_section` (
  `SECTIONCODE` varchar(16) NOT NULL,
  `DESCRIPTION` varchar(64) DEFAULT NULL,
  `SORTKEY` int(11) DEFAULT NULL,
  `STATUS` varchar(16) DEFAULT NULL,
  `LASTUPDATEDUSER` varchar(64) DEFAULT NULL,
  `LASTUPDATEDTIME` datetime DEFAULT current_timestamp(),
  `CREATEDTIME` datetime DEFAULT current_timestamp(),
  `CREATEDUSER` varchar(64) DEFAULT NULL,
  PRIMARY KEY (`SECTIONCODE`),
  KEY `WEB_SECTION_STATUS_FK` (`STATUS`),
  CONSTRAINT `WEB_SECTION_STATUS_FK` FOREIGN KEY (`STATUS`) REFERENCES `status` (`STATUSCODE`)
) ENGINE=InnoDB DEFAULT CHARSET=latin1;

-- Dumping data for table rdbsmsdev.web_section: ~4 rows (approximately)
INSERT INTO `web_section` (`SECTIONCODE`, `DESCRIPTION`, `SORTKEY`, `STATUS`, `LASTUPDATEDUSER`, `LASTUPDATEDTIME`, `CREATEDTIME`, `CREATEDUSER`) VALUES
	('SCSC', 'System Configuration Management', 2, 'ACT', 'admin', '2021-01-19 00:00:00', '2021-01-19 00:00:00', NULL),
	('SYAU', 'System Audit', 3, 'ACT', 'admin', '2021-01-22 00:00:00', '2021-01-22 00:00:00', NULL),
	('UMSC', 'User Settings', 10, 'ACT', 'admin', '2021-03-30 00:00:00', '2021-01-18 00:00:00', NULL),
	('WARRANTY', 'Warranty', 1, 'ACT', 'jayana', '2022-06-27 23:50:30', '2022-06-27 23:50:30', 'jayana');

-- Dumping structure for table rdbsmsdev.web_sectionpage
CREATE TABLE IF NOT EXISTS `web_sectionpage` (
  `USERROLE` varchar(16) NOT NULL,
  `SECTION` varchar(16) NOT NULL,
  `PAGE` varchar(16) NOT NULL,
  `LASTUPDATEDUSER` varchar(64) DEFAULT NULL,
  `LASTUPDATEDTIME` datetime DEFAULT current_timestamp(),
  `CREATETIME` datetime DEFAULT current_timestamp(),
  PRIMARY KEY (`USERROLE`,`SECTION`,`PAGE`),
  KEY `WEB_SECTIONPAGE_SECTION_FK` (`SECTION`),
  KEY `WEB_SECTIONPAGE_PAGE_FK` (`PAGE`),
  CONSTRAINT `WEB_SECTIONPAGE_PAGE_FK` FOREIGN KEY (`PAGE`) REFERENCES `web_page` (`PAGECODE`),
  CONSTRAINT `WEB_SECTIONPAGE_SECTION_FK` FOREIGN KEY (`SECTION`) REFERENCES `web_section` (`SECTIONCODE`),
  CONSTRAINT `WEB_SECTIONPAGE_USERROLE_FK` FOREIGN KEY (`USERROLE`) REFERENCES `userrole` (`USERROLECODE`)
) ENGINE=InnoDB DEFAULT CHARSET=latin1;

-- Dumping data for table rdbsmsdev.web_sectionpage: ~18 rows (approximately)
INSERT INTO `web_sectionpage` (`USERROLE`, `SECTION`, `PAGE`, `LASTUPDATEDUSER`, `LASTUPDATEDTIME`, `CREATETIME`) VALUES
	('ADMIN', 'SCSC', 'PWPM', 'admin', '2021-01-19 00:00:00', '2021-01-19 00:00:00'),
	('ADMIN', 'SCSC', 'UPMT', 'dilanka', '2021-11-20 06:56:43', '2021-11-20 06:56:43'),
	('ADMIN', 'SYAU', 'ATMT', 'admin', '2021-02-13 00:00:00', '2021-02-13 00:00:00'),
	('ADMIN', 'UMSC', 'PGMT', 'admin', '2021-01-18 00:00:00', '2021-01-18 00:00:00'),
	('ADMIN', 'UMSC', 'SCMT', 'admin', '2021-01-18 00:00:00', '2021-01-18 00:00:00'),
	('ADMIN', 'UMSC', 'TSMT', 'admin', '2021-01-18 00:00:00', '2021-01-18 00:00:00'),
	('ADMIN', 'UMSC', 'URMT', 'admin', '2021-01-18 00:00:00', '2021-01-18 00:00:00'),
	('ADMIN', 'UMSC', 'USMT', 'admin', '2021-01-18 00:00:00', '2021-01-18 00:00:00'),
	('ADMIN', 'WARRANTY', 'CLAIMS', 'admin', '2022-09-14 13:27:37', '2022-09-14 13:27:37'),
	('ADMIN', 'WARRANTY', 'CRCLM', 'admin', '2022-09-16 09:31:51', '2022-09-16 09:31:51'),
	('ADMIN', 'WARRANTY', 'DEALERSHIP', 'admin', '2022-09-14 13:28:44', '2022-09-14 13:28:44'),
	('ADMIN', 'WARRANTY', 'INHMT', 'admin', '2022-09-16 09:31:51', '2022-09-16 09:31:51'),
	('ADMIN', 'WARRANTY', 'SUPPLIER', 'admin', '2022-09-14 13:28:44', '2022-09-14 13:28:44'),
	('DEALER', 'WARRANTY', 'CLAIMS', 'admin', '2022-09-14 13:43:04', '2022-09-14 13:43:04'),
	('HEADOFFICE', 'WARRANTY', 'CLAIMS', 'admin', '2022-09-14 13:20:40', '2022-09-14 13:20:40'),
	('HEADOFFICE', 'WARRANTY', 'DEALERSHIP', 'jayana', '2022-06-27 23:50:55', '2022-06-27 23:50:55'),
	('HEADOFFICE', 'WARRANTY', 'SUPPLIER', 'jayana', '2022-06-27 23:50:55', '2022-06-27 23:50:55');

-- Dumping structure for table rdbsmsdev.web_systemaudit
CREATE TABLE IF NOT EXISTS `web_systemaudit` (
  `systemauditid` int(11) NOT NULL AUTO_INCREMENT,
  `userrole` varchar(50) DEFAULT NULL,
  `section` varchar(50) DEFAULT NULL,
  `page` varchar(50) DEFAULT NULL,
  `task` varchar(50) DEFAULT NULL,
  `ip` varchar(50) DEFAULT NULL,
  `remarks` varchar(50) DEFAULT NULL,
  `field` varchar(200) DEFAULT NULL,
  `oldvalue` varchar(500) DEFAULT NULL,
  `newvalue` varchar(500) DEFAULT NULL,
  `lastupdateduser` varchar(50) DEFAULT NULL,
  `description` varchar(1024) DEFAULT NULL,
  `createtime` datetime DEFAULT NULL,
  `lastupdatedtime` datetime DEFAULT NULL,
  PRIMARY KEY (`systemauditid`) USING BTREE
) ENGINE=InnoDB AUTO_INCREMENT=3623 DEFAULT CHARSET=utf8mb4;

-- Dumping data for table rdbsmsdev.web_systemaudit: ~1,645 rows (approximately)
INSERT INTO `web_systemaudit` (`systemauditid`, `userrole`, `section`, `page`, `task`, `ip`, `remarks`, `field`, `oldvalue`, `newvalue`, `lastupdateduser`, `description`, `createtime`, `lastupdatedtime`) VALUES
	(2593, 'ADMIN', NULL, NULL, NULL, '127.0.0.1', NULL, NULL, NULL, NULL, 'admin', NULL, NULL, NULL),
	(2594, 'ADMIN', NULL, NULL, NULL, '127.0.0.1', NULL, NULL, NULL, NULL, 'admin', NULL, NULL, NULL),
	(2595, 'ADMIN', NULL, 'LGIN', 'LOGN', '127.0.0.1', 'Login successfully', NULL, NULL, NULL, 'admin', NULL, NULL, NULL),
	(2596, 'ADMIN', 'UMSC', 'CLAIMS', 'VIEW', '127.0.0.1', NULL, NULL, NULL, NULL, 'admin', 'Get Claim search list.', NULL, NULL),
	(2597, 'ADMIN', NULL, NULL, NULL, '127.0.0.1', NULL, NULL, NULL, NULL, 'admin', NULL, NULL, NULL),
	(2598, 'ADMIN', NULL, NULL, NULL, '127.0.0.1', NULL, NULL, NULL, NULL, 'admin', NULL, NULL, NULL),
	(2599, 'ADMIN', NULL, NULL, NULL, '127.0.0.1', NULL, NULL, NULL, NULL, 'admin', NULL, NULL, NULL),
	(2600, 'ADMIN', NULL, 'LGIN', 'LOGN', '0:0:0:0:0:0:0:1', 'Login successfully', NULL, NULL, NULL, 'admin', NULL, NULL, NULL),
	(2601, 'ADMIN', NULL, 'LGIN', 'LOGN', '0:0:0:0:0:0:0:1', 'Login successfully', NULL, NULL, NULL, 'admin', NULL, NULL, NULL),
	(2602, 'ADMIN', 'UMSC', 'CLAIMS', 'VIEW', '0:0:0:0:0:0:0:1', NULL, NULL, NULL, NULL, 'admin', 'Get Claim search list.', NULL, NULL),
	(2603, 'ADMIN', NULL, NULL, NULL, '0:0:0:0:0:0:0:1', NULL, NULL, NULL, NULL, 'admin', NULL, NULL, NULL),
	(2604, 'ADMIN', NULL, 'LGIN', 'LOGN', '127.0.0.1', 'Login successfully', NULL, NULL, NULL, 'admin', NULL, NULL, NULL),
	(2605, 'ADMIN', 'UMSC', 'CLAIMS', 'VIEW', '127.0.0.1', NULL, NULL, NULL, NULL, 'admin', 'Get Claim search list.', NULL, NULL),
	(2606, 'ADMIN', 'SCSC', 'CLAIMS', 'UPDATE', '127.0.0.1', NULL, 'Task Code|Description|Status|Created Time|Last Updated Time|Last Updated User', 'WDC-16631506101', 'WDC-16631506101', 'admin', 'Claim (ID: WDC-16631506101) noted by admin', NULL, NULL),
	(2607, 'ADMIN', 'UMSC', 'CLAIMS', 'VIEW', '127.0.0.1', NULL, NULL, NULL, NULL, 'admin', 'Get Claim search list.', NULL, NULL),
	(2608, 'ADMIN', 'SCSC', 'CLAIMS', 'UPDATE', '127.0.0.1', NULL, 'Task Code|Description|Status|Created Time|Last Updated Time|Last Updated User', 'WDC-16631506101', 'WDC-16631506101', 'admin', 'Claim (ID: WDC-16631506101) approved by admin', NULL, NULL),
	(2609, 'ADMIN', 'UMSC', 'CLAIMS', 'VIEW', '127.0.0.1', NULL, NULL, NULL, NULL, 'admin', 'Get Claim search list.', NULL, NULL),
	(2610, 'ADMIN', 'SCSC', 'CLAIMS', 'UPDATE', '127.0.0.1', NULL, 'Task Code|Description|Status|Created Time|Last Updated Time|Last Updated User', 'WDC-16631506101', 'WDC-16631506101', 'admin', 'Claim (ID: WDC-16631506101) rejected by admin', NULL, NULL),
	(2611, 'ADMIN', 'UMSC', 'CLAIMS', 'VIEW', '127.0.0.1', NULL, NULL, NULL, NULL, 'admin', 'Get Claim search list.', NULL, NULL),
	(2612, 'ADMIN', 'SCSC', 'CLAIMS', 'UPDATE', '127.0.0.1', NULL, 'Task Code|Description|Status|Created Time|Last Updated Time|Last Updated User', 'WDC-16631506101', 'WDC-16631506101', 'admin', 'Claim (ID: WDC-16631506101) approved by admin', NULL, NULL),
	(2613, 'ADMIN', 'UMSC', 'CLAIMS', 'VIEW', '127.0.0.1', NULL, NULL, NULL, NULL, 'admin', 'Get Claim search list.', NULL, NULL),
	(2614, 'ADMIN', NULL, 'LGIN', 'LOGN', '127.0.0.1', 'Login successfully', NULL, NULL, NULL, 'admin', NULL, NULL, NULL),
	(2615, 'ADMIN', 'UMSC', 'CLAIMS', 'VIEW', '127.0.0.1', NULL, NULL, NULL, NULL, 'admin', 'Get Claim search list.', NULL, NULL),
	(2616, 'ADMIN', 'SCSC', 'CLAIMS', 'UPDATE', '127.0.0.1', NULL, 'Task Code|Description|Status|Created Time|Last Updated Time|Last Updated User', 'WDC-16631506101', 'WDC-16631506101', 'admin', 'Claim (ID: WDC-16631506101) noted by admin', NULL, NULL),
	(2617, 'ADMIN', 'UMSC', 'CLAIMS', 'VIEW', '127.0.0.1', NULL, NULL, NULL, NULL, 'admin', 'Get Claim search list.', NULL, NULL),
	(2618, 'ADMIN', 'SCSC', 'CLAIMS', 'UPDATE', '127.0.0.1', NULL, 'Task Code|Description|Status|Created Time|Last Updated Time|Last Updated User', 'WDC-16631506101', 'WDC-16631506101', 'admin', 'Claim (ID: WDC-16631506101) approved by admin', NULL, NULL),
	(2619, 'ADMIN', 'UMSC', 'CLAIMS', 'VIEW', '127.0.0.1', NULL, NULL, NULL, NULL, 'admin', 'Get Claim search list.', NULL, NULL),
	(2620, 'ADMIN', NULL, 'LGIN', 'LOGN', '127.0.0.1', 'Login successfully', NULL, NULL, NULL, 'admin', NULL, NULL, NULL),
	(2621, 'ADMIN', 'UMSC', 'CLAIMS', 'VIEW', '127.0.0.1', NULL, NULL, NULL, NULL, 'admin', 'Get Claim search list.', NULL, NULL),
	(2622, 'ADMIN', 'SCSC', 'CLAIMS', 'UPDATE', '127.0.0.1', NULL, 'Task Code|Description|Status|Created Time|Last Updated Time|Last Updated User', 'WDC-16631506101', 'WDC-16631506101', 'admin', 'Claim (ID: WDC-16631506101) approved by admin', NULL, NULL),
	(2623, 'ADMIN', 'UMSC', 'CLAIMS', 'VIEW', '127.0.0.1', NULL, NULL, NULL, NULL, 'admin', 'Get Claim search list.', NULL, NULL),
	(2624, 'ADMIN', 'SCSC', 'CLAIMS', 'UPDATE', '127.0.0.1', NULL, 'Task Code|Description|Status|Created Time|Last Updated Time|Last Updated User', 'WDC-16631506101', 'WDC-16631506101', 'admin', 'Claim (ID: WDC-16631506101) approved by admin', NULL, NULL),
	(2625, 'ADMIN', 'UMSC', 'CLAIMS', 'VIEW', '127.0.0.1', NULL, NULL, NULL, NULL, 'admin', 'Get Claim search list.', NULL, NULL),
	(2626, 'ADMIN', 'SCSC', 'CLAIMS', 'UPDATE', '127.0.0.1', NULL, 'Task Code|Description|Status|Created Time|Last Updated Time|Last Updated User', 'WDC-16631506101', 'WDC-16631506101', 'admin', 'Claim (ID: WDC-16631506101) approved by admin', NULL, NULL),
	(2627, 'ADMIN', 'UMSC', 'CLAIMS', 'VIEW', '127.0.0.1', NULL, NULL, NULL, NULL, 'admin', 'Get Claim search list.', NULL, NULL),
	(2628, 'ADMIN', 'SCSC', 'CLAIMS', 'UPDATE', '127.0.0.1', NULL, 'Task Code|Description|Status|Created Time|Last Updated Time|Last Updated User', 'WDC-16631506101', 'WDC-16631506101', 'admin', 'Claim (ID: WDC-16631506101) approved by admin', NULL, NULL),
	(2629, 'ADMIN', 'UMSC', 'CLAIMS', 'VIEW', '127.0.0.1', NULL, NULL, NULL, NULL, 'admin', 'Get Claim search list.', NULL, NULL),
	(2630, 'ADMIN', NULL, 'LGIN', 'LOGN', '127.0.0.1', 'Login successfully', NULL, NULL, NULL, 'admin', NULL, NULL, NULL),
	(2631, 'ADMIN', 'UMSC', 'CLAIMS', 'VIEW', '127.0.0.1', NULL, NULL, NULL, NULL, 'admin', 'Get Claim search list.', NULL, NULL),
	(2632, 'ADMIN', 'SCSC', 'CLAIMS', 'UPDATE', '127.0.0.1', NULL, 'Task Code|Description|Status|Created Time|Last Updated Time|Last Updated User', 'WDC-16631506101', 'WDC-16631506101', 'admin', 'Claim (ID: WDC-16631506101) approved by admin', NULL, NULL),
	(2633, 'ADMIN', 'UMSC', 'CLAIMS', 'VIEW', '127.0.0.1', NULL, NULL, NULL, NULL, 'admin', 'Get Claim search list.', NULL, NULL),
	(2634, 'ADMIN', 'SCSC', 'CLAIMS', 'UPDATE', '127.0.0.1', NULL, 'Task Code|Description|Status|Created Time|Last Updated Time|Last Updated User', 'WDC-16631506101', 'WDC-16631506101', 'admin', 'Claim (ID: WDC-16631506101) approved by admin', NULL, NULL),
	(2635, 'ADMIN', 'UMSC', 'CLAIMS', 'VIEW', '127.0.0.1', NULL, NULL, NULL, NULL, 'admin', 'Get Claim search list.', NULL, NULL),
	(2636, 'ADMIN', 'SCSC', 'CLAIMS', 'UPDATE', '127.0.0.1', NULL, 'Task Code|Description|Status|Created Time|Last Updated Time|Last Updated User', 'WDC-16631506101', 'WDC-16631506101', 'admin', 'Claim (ID: WDC-16631506101) approved by admin', NULL, NULL),
	(2637, 'ADMIN', 'UMSC', 'CLAIMS', 'VIEW', '127.0.0.1', NULL, NULL, NULL, NULL, 'admin', 'Get Claim search list.', NULL, NULL),
	(2638, 'ADMIN', 'SCSC', 'CLAIMS', 'UPDATE', '127.0.0.1', NULL, 'Task Code|Description|Status|Created Time|Last Updated Time|Last Updated User', 'WDC-16631506101', 'WDC-16631506101', 'admin', 'Claim (ID: WDC-16631506101) approved by admin', NULL, NULL),
	(2639, 'ADMIN', 'UMSC', 'CLAIMS', 'VIEW', '127.0.0.1', NULL, NULL, NULL, NULL, 'admin', 'Get Claim search list.', NULL, NULL),
	(2640, 'ADMIN', NULL, 'LGIN', 'LOGN', '127.0.0.1', 'Login successfully', NULL, NULL, NULL, 'admin', NULL, NULL, NULL),
	(2641, 'ADMIN', 'UMSC', 'CLAIMS', 'VIEW', '127.0.0.1', NULL, NULL, NULL, NULL, 'admin', 'Get Claim search list.', NULL, NULL),
	(2642, 'ADMIN', NULL, 'LGIN', 'LOGN', '127.0.0.1', 'Login successfully', NULL, NULL, NULL, 'admin', NULL, NULL, NULL),
	(2643, 'ADMIN', 'UMSC', 'CLAIMS', 'VIEW', '127.0.0.1', NULL, NULL, NULL, NULL, 'admin', 'Get Claim search list.', NULL, NULL),
	(2644, 'ADMIN', NULL, 'LGIN', 'LOGN', '127.0.0.1', 'Login successfully', NULL, NULL, NULL, 'admin', NULL, NULL, NULL),
	(2645, 'ADMIN', NULL, 'LGIN', 'LOGN', '127.0.0.1', 'Login successfully', NULL, NULL, NULL, 'admin', NULL, NULL, NULL),
	(2646, 'ADMIN', 'UMSC', 'CLAIMS', 'VIEW', '127.0.0.1', NULL, NULL, NULL, NULL, 'admin', 'Get Claim search list.', NULL, NULL),
	(2647, 'ADMIN', 'SCSC', 'CLAIMS', 'UPDATE', '127.0.0.1', NULL, 'Task Code|Description|Status|Created Time|Last Updated Time|Last Updated User', 'WDC-16631506101', 'WDC-16631506101', 'admin', 'Claim (ID: WDC-16631506101) acknowledge by admin', NULL, NULL),
	(2648, 'ADMIN', 'UMSC', 'CLAIMS', 'VIEW', '127.0.0.1', NULL, NULL, NULL, NULL, 'admin', 'Get Claim search list.', NULL, NULL),
	(2649, 'ADMIN', NULL, 'LGIN', 'LOGN', '127.0.0.1', 'Login successfully', NULL, NULL, NULL, 'admin', NULL, NULL, NULL),
	(2650, 'ADMIN', NULL, 'LGIN', 'LOGN', '127.0.0.1', 'Login successfully', NULL, NULL, NULL, 'admin', NULL, NULL, NULL),
	(2651, 'ADMIN', 'UMSC', 'CLAIMS', 'VIEW', '127.0.0.1', NULL, NULL, NULL, NULL, 'admin', 'Get Claim search list.', NULL, NULL),
	(2652, 'ADMIN', NULL, 'LGIN', 'LOGN', '127.0.0.1', 'Login successfully', NULL, NULL, NULL, 'admin', NULL, NULL, NULL),
	(2653, 'ADMIN', 'UMSC', 'CLAIMS', 'VIEW', '127.0.0.1', NULL, NULL, NULL, NULL, 'admin', 'Get Claim search list.', NULL, NULL),
	(2654, 'ADMIN', NULL, 'LGIN', 'LOGN', '127.0.0.1', 'Login successfully', NULL, NULL, NULL, 'admin', NULL, NULL, NULL),
	(2655, 'ADMIN', 'UMSC', 'CLAIMS', 'VIEW', '127.0.0.1', NULL, NULL, NULL, NULL, 'admin', 'Get Claim search list.', NULL, NULL),
	(2656, 'ADMIN', NULL, 'LGIN', 'LOGN', '127.0.0.1', 'Login successfully', NULL, NULL, NULL, 'admin', NULL, NULL, NULL),
	(2657, 'ADMIN', NULL, 'LGIN', 'LOGN', '127.0.0.1', 'Login successfully', NULL, NULL, NULL, 'admin', NULL, NULL, NULL),
	(2658, 'ADMIN', 'UMSC', 'CLAIMS', 'VIEW', '127.0.0.1', NULL, NULL, NULL, NULL, 'admin', 'Get Claim search list.', NULL, NULL),
	(2659, 'ADMIN', NULL, 'LGIN', 'LOGN', '0:0:0:0:0:0:0:1', 'Login successfully', NULL, NULL, NULL, 'admin', NULL, NULL, NULL),
	(2660, 'ADMIN', 'UMSC', 'CLAIMS', 'VIEW', '0:0:0:0:0:0:0:1', NULL, NULL, NULL, NULL, 'admin', 'Get Claim search list.', NULL, NULL),
	(2661, 'ADMIN', NULL, 'LGIN', 'LOGN', '127.0.0.1', 'Login successfully', NULL, NULL, NULL, 'admin', NULL, NULL, NULL),
	(2662, 'ADMIN', 'UMSC', 'CLAIMS', 'VIEW', '127.0.0.1', NULL, NULL, NULL, NULL, 'admin', 'Get Claim search list.', NULL, NULL),
	(2663, 'ADMIN', NULL, 'LGIN', 'LOGN', '127.0.0.1', 'Login successfully', NULL, NULL, NULL, 'admin', NULL, NULL, NULL),
	(2664, 'ADMIN', 'UMSC', 'CLAIMS', 'VIEW', '127.0.0.1', NULL, NULL, NULL, NULL, 'admin', 'Get Claim search list.', NULL, NULL),
	(2665, 'ADMIN', 'SCSC', 'CLAIMS', 'UPDATE', '127.0.0.1', NULL, 'Task Code|Description|Status|Created Time|Last Updated Time|Last Updated User', 'WDC-16631506101', 'WDC-16631506101', 'admin', 'Claim (ID: WDC-16631506101) noted by admin', NULL, NULL),
	(2666, 'ADMIN', 'UMSC', 'CLAIMS', 'VIEW', '127.0.0.1', NULL, NULL, NULL, NULL, 'admin', 'Get Claim search list.', NULL, NULL),
	(2667, 'ADMIN', 'SCSC', 'CLAIMS', 'UPDATE', '127.0.0.1', NULL, 'Task Code|Description|Status|Created Time|Last Updated Time|Last Updated User', 'WDC-16631506101', 'WDC-16631506101', 'admin', 'Claim (ID: WDC-16631506101) noted by admin', NULL, NULL),
	(2668, 'ADMIN', 'UMSC', 'CLAIMS', 'VIEW', '127.0.0.1', NULL, NULL, NULL, NULL, 'admin', 'Get Claim search list.', NULL, NULL),
	(2669, 'ADMIN', 'SCSC', 'CLAIMS', 'UPDATE', '127.0.0.1', NULL, 'Task Code|Description|Status|Created Time|Last Updated Time|Last Updated User', 'WDC-16631506101', 'WDC-16631506101', 'admin', 'Claim (ID: WDC-16631506101) noted by admin', NULL, NULL),
	(2670, 'ADMIN', 'UMSC', 'CLAIMS', 'VIEW', '127.0.0.1', NULL, NULL, NULL, NULL, 'admin', 'Get Claim search list.', NULL, NULL),
	(2671, 'ADMIN', NULL, 'LGIN', 'LOGN', '127.0.0.1', 'Login successfully', NULL, NULL, NULL, 'admin', NULL, NULL, NULL),
	(2672, 'ADMIN', NULL, 'LGIN', 'LOGN', '127.0.0.1', 'Login successfully', NULL, NULL, NULL, 'admin', NULL, NULL, NULL),
	(2673, 'ADMIN', 'UMSC', 'CLAIMS', 'VIEW', '127.0.0.1', NULL, NULL, NULL, NULL, 'admin', 'Get Claim search list.', NULL, NULL),
	(2674, 'ADMIN', NULL, 'LGIN', 'LOGN', '127.0.0.1', 'Login successfully', NULL, NULL, NULL, 'admin', NULL, NULL, NULL),
	(2675, 'ADMIN', 'UMSC', 'CLAIMS', 'VIEW', '127.0.0.1', NULL, NULL, NULL, NULL, 'admin', 'Get Claim search list.', NULL, NULL),
	(2676, 'ADMIN', 'SCSC', 'CLAIMS', 'UPDATE', '127.0.0.1', NULL, 'Task Code|Description|Status|Created Time|Last Updated Time|Last Updated User', 'WDC-16631506101', 'WDC-16631506101', 'admin', 'Claim (ID: WDC-16631506101) noted by admin', NULL, NULL),
	(2677, 'ADMIN', 'UMSC', 'CLAIMS', 'VIEW', '127.0.0.1', NULL, NULL, NULL, NULL, 'admin', 'Get Claim search list.', NULL, NULL),
	(2678, 'ADMIN', NULL, 'LGIN', 'LOGN', '127.0.0.1', 'Login successfully', NULL, NULL, NULL, 'admin', NULL, NULL, NULL),
	(2679, 'ADMIN', 'UMSC', 'CLAIMS', 'VIEW', '127.0.0.1', NULL, NULL, NULL, NULL, 'admin', 'Get Claim search list.', NULL, NULL),
	(2680, 'ADMIN', 'SCSC', 'CLAIMS', 'UPDATE', '127.0.0.1', NULL, 'Task Code|Description|Status|Created Time|Last Updated Time|Last Updated User', 'WDC-16631506101', 'WDC-16631506101', 'admin', 'Claim (ID: WDC-16631506101) acknowledge by admin', NULL, NULL),
	(2681, 'ADMIN', 'UMSC', 'CLAIMS', 'VIEW', '127.0.0.1', NULL, NULL, NULL, NULL, 'admin', 'Get Claim search list.', NULL, NULL),
	(2682, 'ADMIN', NULL, 'LGIN', 'LOGN', '127.0.0.1', 'Login successfully', NULL, NULL, NULL, 'admin', NULL, NULL, NULL),
	(2683, 'ADMIN', 'UMSC', 'CLAIMS', 'VIEW', '127.0.0.1', NULL, NULL, NULL, NULL, 'admin', 'Get Claim search list.', NULL, NULL),
	(2684, 'ADMIN', 'SCSC', 'CLAIMS', 'UPDATE', '127.0.0.1', NULL, 'Task Code|Description|Status|Created Time|Last Updated Time|Last Updated User', 'WDC-16631506101', 'WDC-16631506101', 'admin', 'Claim (ID: WDC-16631506101) noted by admin', NULL, NULL),
	(2685, 'ADMIN', 'UMSC', 'CLAIMS', 'VIEW', '127.0.0.1', NULL, NULL, NULL, NULL, 'admin', 'Get Claim search list.', NULL, NULL),
	(2686, 'ADMIN', NULL, 'LGIN', 'LOGN', '127.0.0.1', 'Login successfully', NULL, NULL, NULL, 'admin', NULL, NULL, NULL),
	(2687, 'ADMIN', 'UMSC', 'CLAIMS', 'VIEW', '127.0.0.1', NULL, NULL, NULL, NULL, 'admin', 'Get Claim search list.', NULL, NULL),
	(2688, 'ADMIN', 'SCSC', 'CLAIMS', 'UPDATE', '127.0.0.1', NULL, 'Task Code|Description|Status|Created Time|Last Updated Time|Last Updated User', 'WDC-16631506101', 'WDC-16631506101', 'admin', 'Claim (ID: WDC-16631506101) rejected by admin', NULL, NULL),
	(2689, 'ADMIN', 'UMSC', 'CLAIMS', 'VIEW', '127.0.0.1', NULL, NULL, NULL, NULL, 'admin', 'Get Claim search list.', NULL, NULL),
	(2690, 'ADMIN', 'UMSC', 'CLAIMS', 'VIEW', '127.0.0.1', NULL, NULL, NULL, NULL, 'admin', 'Get Claim search list.', NULL, NULL),
	(2691, 'ADMIN', 'UMSC', 'PGMT', 'VIEW', '127.0.0.1', NULL, NULL, NULL, NULL, 'admin', 'Get page search list.', NULL, NULL),
	(2692, 'ADMIN', 'UMSC', 'URMT', 'VIEW', '127.0.0.1', NULL, NULL, NULL, NULL, 'admin', 'Get user role search list.', NULL, NULL),
	(2693, 'ADMIN', 'UMSC', 'URMT', 'ASGNPAGE', '127.0.0.1', NULL, NULL, NULL, NULL, 'admin', 'Assign page to user role (user role code: ADMIN) by admin', NULL, NULL),
	(2694, 'ADMIN', 'UMSC', 'URMT', 'VIEW', '127.0.0.1', NULL, NULL, NULL, NULL, 'admin', 'Get user role search list.', NULL, NULL),
	(2695, 'ADMIN', 'UMSC', 'URMT', 'ASGNPAGE', '127.0.0.1', NULL, NULL, NULL, NULL, 'admin', 'Assign task to user role (user role code: ADMIN) by admin', NULL, NULL),
	(2696, 'ADMIN', 'UMSC', 'URMT', 'VIEW', '127.0.0.1', NULL, NULL, NULL, NULL, 'admin', 'Get user role search list.', NULL, NULL),
	(2697, 'ADMIN', 'UMSC', 'URMT', 'ASGNPAGE', '127.0.0.1', NULL, NULL, NULL, NULL, 'admin', 'Assign task to user role (user role code: ADMIN) by admin', NULL, NULL),
	(2698, 'ADMIN', 'UMSC', 'URMT', 'VIEW', '127.0.0.1', NULL, NULL, NULL, NULL, 'admin', 'Get user role search list.', NULL, NULL),
	(2699, 'ADMIN', NULL, 'LGIN', 'LOGN', '127.0.0.1', 'Login successfully', NULL, NULL, NULL, 'admin', NULL, NULL, NULL),
	(2700, 'ADMIN', NULL, 'LGIN', 'LOGN', '127.0.0.1', 'Login successfully', NULL, NULL, NULL, 'admin', NULL, NULL, NULL),
	(2701, 'ADMIN', NULL, 'LGIN', 'LOGN', '127.0.0.1', 'Login successfully', NULL, NULL, NULL, 'admin', NULL, NULL, NULL),
	(2702, 'ADMIN', NULL, 'LGIN', 'LOGN', '127.0.0.1', 'Login successfully', NULL, NULL, NULL, 'admin', NULL, NULL, NULL),
	(2703, 'ADMIN', NULL, 'LGIN', 'LOGN', '127.0.0.1', 'Login successfully', NULL, NULL, NULL, 'admin', NULL, NULL, NULL),
	(2704, 'ADMIN', NULL, 'LGIN', 'LOGN', '127.0.0.1', 'Login successfully', NULL, NULL, NULL, 'admin', NULL, NULL, NULL),
	(2705, 'ADMIN', NULL, 'LGIN', 'LOGN', '127.0.0.1', 'Login successfully', NULL, NULL, NULL, 'admin', NULL, NULL, NULL),
	(2706, 'ADMIN', 'UMSC', 'CLAIMS', 'VIEW', '127.0.0.1', NULL, NULL, NULL, NULL, 'admin', 'Get Claim search list.', NULL, NULL),
	(2707, 'ADMIN', NULL, 'LGIN', 'LOGN', '127.0.0.1', 'Login successfully', NULL, NULL, NULL, 'admin', NULL, NULL, NULL),
	(2708, 'ADMIN', NULL, 'LGIN', 'LOGN', '127.0.0.1', 'Login successfully', NULL, NULL, NULL, 'admin', NULL, NULL, NULL),
	(2709, 'ADMIN', NULL, 'LGIN', 'LOGN', '127.0.0.1', 'Login successfully', NULL, NULL, NULL, 'admin', NULL, NULL, NULL),
	(2710, 'ADMIN', 'UMSC', 'CLAIMS', 'VIEW', '127.0.0.1', NULL, NULL, NULL, NULL, 'admin', 'Get Critical search list.', NULL, NULL),
	(2711, 'ADMIN', 'UMSC', 'CLAIMS', 'VIEW', '127.0.0.1', NULL, NULL, NULL, NULL, 'admin', 'Get Critical search list.', NULL, NULL),
	(2712, 'ADMIN', 'UMSC', 'CLAIMS', 'VIEW', '127.0.0.1', NULL, NULL, NULL, NULL, 'admin', 'Get Claim search list.', NULL, NULL),
	(2713, 'ADMIN', 'UMSC', 'CLAIMS', 'VIEW', '127.0.0.1', NULL, NULL, NULL, NULL, 'admin', 'Get Critical search list.', NULL, NULL),
	(2714, 'ADMIN', NULL, 'LGIN', 'LOGN', '127.0.0.1', 'Login successfully', NULL, NULL, NULL, 'admin', NULL, NULL, NULL),
	(2715, 'ADMIN', 'UMSC', 'CLAIMS', 'VIEW', '127.0.0.1', NULL, NULL, NULL, NULL, 'admin', 'Get Critical search list.', NULL, NULL),
	(2716, 'ADMIN', NULL, 'LGIN', 'LOGN', '127.0.0.1', 'Login successfully', NULL, NULL, NULL, 'admin', NULL, NULL, NULL),
	(2717, 'ADMIN', NULL, 'LGIN', 'LOGN', '127.0.0.1', 'Login successfully', NULL, NULL, NULL, 'admin', NULL, NULL, NULL),
	(2718, 'ADMIN', 'UMSC', 'CLAIMS', 'VIEW', '127.0.0.1', NULL, NULL, NULL, NULL, 'admin', 'Get Critical search list.', NULL, NULL),
	(2719, 'ADMIN', NULL, 'LGIN', 'LOGN', '127.0.0.1', 'Login successfully', NULL, NULL, NULL, 'admin', NULL, NULL, NULL),
	(2720, 'ADMIN', 'UMSC', 'CLAIMS', 'VIEW', '127.0.0.1', NULL, NULL, NULL, NULL, 'admin', 'Get Critical search list.', NULL, NULL),
	(2721, 'ADMIN', NULL, 'LGIN', 'LOGN', '127.0.0.1', 'Login successfully', NULL, NULL, NULL, 'admin', NULL, NULL, NULL),
	(2722, 'ADMIN', 'UMSC', 'CLAIMS', 'VIEW', '127.0.0.1', NULL, NULL, NULL, NULL, 'admin', 'Get Critical search list.', NULL, NULL),
	(2723, 'ADMIN', NULL, 'LGIN', 'LOGN', '127.0.0.1', 'Login successfully', NULL, NULL, NULL, 'admin', NULL, NULL, NULL),
	(2724, 'ADMIN', 'UMSC', 'CLAIMS', 'VIEW', '127.0.0.1', NULL, NULL, NULL, NULL, 'admin', 'Get Critical search list.', NULL, NULL),
	(2725, 'ADMIN', 'UMSC', 'CLAIMS', 'VIEW', '127.0.0.1', NULL, NULL, NULL, NULL, 'admin', 'Get Critical search list.', NULL, NULL),
	(2726, 'ADMIN', NULL, 'LGIN', 'LOGN', '127.0.0.1', 'Login successfully', NULL, NULL, NULL, 'admin', NULL, NULL, NULL),
	(2727, 'ADMIN', 'UMSC', 'CLAIMS', 'VIEW', '127.0.0.1', NULL, NULL, NULL, NULL, 'admin', 'Get Critical search list.', NULL, NULL),
	(2728, 'ADMIN', NULL, 'LGIN', 'LOGN', '127.0.0.1', 'Login successfully', NULL, NULL, NULL, 'admin', NULL, NULL, NULL),
	(2729, 'ADMIN', NULL, 'LGIN', 'LOGN', '127.0.0.1', 'Login successfully', NULL, NULL, NULL, 'admin', NULL, NULL, NULL),
	(2730, 'ADMIN', NULL, 'LGIN', 'LOGN', '127.0.0.1', 'Login successfully', NULL, NULL, NULL, 'admin', NULL, NULL, NULL),
	(2731, 'ADMIN', 'UMSC', 'CLAIMS', 'VIEW', '127.0.0.1', NULL, NULL, NULL, NULL, 'admin', 'Get Critical search list.', NULL, NULL),
	(2732, 'ADMIN', 'UMSC', 'CLAIMS', 'VIEW', '127.0.0.1', NULL, NULL, NULL, NULL, 'admin', 'Get Claim search list.', NULL, NULL),
	(2733, 'ADMIN', 'SCSC', 'CLAIMS', 'UPDATE', '127.0.0.1', NULL, 'Task Code|Description|Status|Created Time|Last Updated Time|Last Updated User', 'WDC-16631506101', 'WDC-16631506101', 'admin', 'Claim (ID: WDC-16631506101) approved by admin', NULL, NULL),
	(2734, 'ADMIN', 'UMSC', 'CLAIMS', 'VIEW', '127.0.0.1', NULL, NULL, NULL, NULL, 'admin', 'Get Claim search list.', NULL, NULL),
	(2735, 'ADMIN', 'SCSC', 'CLAIMS', 'UPDATE', '127.0.0.1', NULL, 'Task Code|Description|Status|Created Time|Last Updated Time|Last Updated User', 'WDC-16631506101', 'WDC-16631506101', 'admin', 'Claim (ID: WDC-16631506101) acknowledge by admin', NULL, NULL),
	(2736, 'ADMIN', 'UMSC', 'CLAIMS', 'VIEW', '127.0.0.1', NULL, NULL, NULL, NULL, 'admin', 'Get Claim search list.', NULL, NULL),
	(2737, 'ADMIN', 'UMSC', 'CLAIMS', 'VIEW', '127.0.0.1', NULL, NULL, NULL, NULL, 'admin', 'Get Critical search list.', NULL, NULL),
	(2738, 'ADMIN', 'UMSC', 'CLAIMS', 'VIEW', '127.0.0.1', NULL, NULL, NULL, NULL, 'admin', 'Get Critical search list.', NULL, NULL),
	(2739, 'ADMIN', NULL, 'LGIN', 'LOGN', '127.0.0.1', 'Login successfully', NULL, NULL, NULL, 'admin', NULL, NULL, NULL),
	(2740, 'ADMIN', 'UMSC', 'CLAIMS', 'VIEW', '127.0.0.1', NULL, NULL, NULL, NULL, 'admin', 'Get Critical search list.', NULL, NULL),
	(2741, 'ADMIN', NULL, 'LGIN', 'LOGN', '127.0.0.1', 'Login successfully', NULL, NULL, NULL, 'admin', NULL, NULL, NULL),
	(2742, 'ADMIN', NULL, 'LGIN', 'LOGN', '127.0.0.1', 'Login successfully', NULL, NULL, NULL, 'admin', NULL, NULL, NULL),
	(2743, 'ADMIN', 'UMSC', 'CLAIMS', 'VIEW', '127.0.0.1', NULL, NULL, NULL, NULL, 'admin', 'Get Critical search list.', NULL, NULL),
	(2744, 'ADMIN', NULL, 'LGIN', 'LOGN', '127.0.0.1', 'Login successfully', NULL, NULL, NULL, 'admin', NULL, NULL, NULL),
	(2745, 'ADMIN', 'UMSC', 'CLAIMS', 'VIEW', '127.0.0.1', NULL, NULL, NULL, NULL, 'admin', 'Get Critical search list.', NULL, NULL),
	(2746, 'ADMIN', NULL, 'LGIN', 'LOGN', '127.0.0.1', 'Login successfully', NULL, NULL, NULL, 'admin', NULL, NULL, NULL),
	(2747, 'ADMIN', 'UMSC', 'CLAIMS', 'VIEW', '127.0.0.1', NULL, NULL, NULL, NULL, 'admin', 'Get Critical search list.', NULL, NULL),
	(2748, 'ADMIN', NULL, 'LGIN', 'LOGN', '127.0.0.1', 'Login successfully', NULL, NULL, NULL, 'admin', NULL, NULL, NULL),
	(2749, 'ADMIN', 'UMSC', 'CLAIMS', 'VIEW', '127.0.0.1', NULL, NULL, NULL, NULL, 'admin', 'Get Critical search list.', NULL, NULL),
	(2750, 'ADMIN', NULL, 'LGIN', 'LOGN', '127.0.0.1', 'Login successfully', NULL, NULL, NULL, 'admin', NULL, NULL, NULL),
	(2751, 'ADMIN', 'UMSC', 'CLAIMS', 'VIEW', '127.0.0.1', NULL, NULL, NULL, NULL, 'admin', 'Get Critical search list.', NULL, NULL),
	(2752, 'ADMIN', 'UMSC', 'CLAIMS', 'VIEW', '127.0.0.1', NULL, NULL, NULL, NULL, 'admin', 'Get Claim search list.', NULL, NULL),
	(2753, 'ADMIN', 'UMSC', 'CLAIMS', 'VIEW', '127.0.0.1', NULL, NULL, NULL, NULL, 'admin', 'Get Critical search list.', NULL, NULL),
	(2754, 'ADMIN', NULL, 'LGIN', 'LOGN', '127.0.0.1', 'Login successfully', NULL, NULL, NULL, 'admin', NULL, NULL, NULL),
	(2755, 'ADMIN', 'UMSC', 'CLAIMS', 'VIEW', '127.0.0.1', NULL, NULL, NULL, NULL, 'admin', 'Get Critical search list.', NULL, NULL),
	(2756, 'ADMIN', NULL, 'LGIN', 'LOGN', '127.0.0.1', 'Login successfully', NULL, NULL, NULL, 'admin', NULL, NULL, NULL),
	(2757, 'ADMIN', 'UMSC', 'CLAIMS', 'VIEW', '127.0.0.1', NULL, NULL, NULL, NULL, 'admin', 'Get Claim search list.', NULL, NULL),
	(2758, 'ADMIN', 'SCSC', 'CLAIMS', 'UPDATE', '127.0.0.1', NULL, 'Task Code|Description|Status|Created Time|Last Updated Time|Last Updated User', 'WDC-16631506101', 'WDC-16631506101', 'admin', 'Claim (ID: WDC-16631506101) acknowledge by admin', NULL, NULL),
	(2759, 'ADMIN', 'UMSC', 'CLAIMS', 'VIEW', '127.0.0.1', NULL, NULL, NULL, NULL, 'admin', 'Get Claim search list.', NULL, NULL),
	(2760, 'ADMIN', 'UMSC', 'CLAIMS', 'VIEW', '127.0.0.1', NULL, NULL, NULL, NULL, 'admin', 'Get Critical search list.', NULL, NULL),
	(2761, 'ADMIN', 'UMSC', 'CLAIMS', 'VIEW', '127.0.0.1', NULL, NULL, NULL, NULL, 'admin', 'Get Claim search list.', NULL, NULL),
	(2762, 'ADMIN', 'SCSC', 'CLAIMS', 'UPDATE', '127.0.0.1', NULL, 'Task Code|Description|Status|Created Time|Last Updated Time|Last Updated User', 'WDC-16631506101', 'WDC-16631506101', 'admin', 'Claim (ID: WDC-16631506101) approved by admin', NULL, NULL),
	(2763, 'ADMIN', 'UMSC', 'CLAIMS', 'VIEW', '127.0.0.1', NULL, NULL, NULL, NULL, 'admin', 'Get Claim search list.', NULL, NULL),
	(2764, 'ADMIN', 'UMSC', 'CLAIMS', 'VIEW', '127.0.0.1', NULL, NULL, NULL, NULL, 'admin', 'Get Claim search list.', NULL, NULL),
	(2765, 'ADMIN', 'UMSC', 'CLAIMS', 'VIEW', '127.0.0.1', NULL, NULL, NULL, NULL, 'admin', 'Get Critical search list.', NULL, NULL),
	(2766, 'ADMIN', NULL, 'LGIN', 'LOGN', '127.0.0.1', 'Login successfully', NULL, NULL, NULL, 'admin', NULL, NULL, NULL),
	(2767, 'ADMIN', 'UMSC', 'CLAIMS', 'VIEW', '127.0.0.1', NULL, NULL, NULL, NULL, 'admin', 'Get Critical search list.', NULL, NULL),
	(2768, 'ADMIN', 'UMSC', 'CLAIMS', 'VIEW', '127.0.0.1', NULL, NULL, NULL, NULL, 'admin', 'Get Critical search list.', NULL, NULL),
	(2769, 'ADMIN', NULL, 'LGIN', 'LOGN', '127.0.0.1', 'Login successfully', NULL, NULL, NULL, 'admin', NULL, NULL, NULL),
	(2770, 'ADMIN', 'UMSC', 'CLAIMS', 'VIEW', '127.0.0.1', NULL, NULL, NULL, NULL, 'admin', 'Get Critical search list.', NULL, NULL),
	(2771, 'ADMIN', NULL, 'LGIN', 'LOGN', '127.0.0.1', 'Login successfully', NULL, NULL, NULL, 'admin', NULL, NULL, NULL),
	(2772, 'ADMIN', 'UMSC', 'CLAIMS', 'VIEW', '127.0.0.1', NULL, NULL, NULL, NULL, 'admin', 'Get Critical search list.', NULL, NULL),
	(2773, 'ADMIN', NULL, 'LGIN', 'LOGN', '127.0.0.1', 'Login successfully', NULL, NULL, NULL, 'admin', NULL, NULL, NULL),
	(2774, 'ADMIN', 'UMSC', 'CLAIMS', 'VIEW', '127.0.0.1', NULL, NULL, NULL, NULL, 'admin', 'Get Critical search list.', NULL, NULL),
	(2775, 'ADMIN', NULL, 'LGIN', 'LOGN', '127.0.0.1', 'Login successfully', NULL, NULL, NULL, 'admin', NULL, NULL, NULL),
	(2776, 'ADMIN', 'UMSC', 'CLAIMS', 'VIEW', '127.0.0.1', NULL, NULL, NULL, NULL, 'admin', 'Get Critical search list.', NULL, NULL),
	(2777, 'ADMIN', 'UMSC', 'CLAIMS', 'VIEW', '127.0.0.1', NULL, NULL, NULL, NULL, 'admin', 'Get Critical search list.', NULL, NULL),
	(2778, 'ADMIN', NULL, 'LGIN', 'LOGN', '127.0.0.1', 'Login successfully', NULL, NULL, NULL, 'admin', NULL, NULL, NULL),
	(2779, 'ADMIN', 'UMSC', 'CLAIMS', 'VIEW', '127.0.0.1', NULL, NULL, NULL, NULL, 'admin', 'Get Critical search list.', NULL, NULL),
	(2780, 'ADMIN', NULL, 'LGIN', 'LOGN', '127.0.0.1', 'Login successfully', NULL, NULL, NULL, 'admin', NULL, NULL, NULL),
	(2781, 'ADMIN', NULL, 'LGIN', 'LOGN', '127.0.0.1', 'Login successfully', NULL, NULL, NULL, 'admin', NULL, NULL, NULL),
	(2782, 'ADMIN', 'UMSC', 'CLAIMS', 'VIEW', '127.0.0.1', NULL, NULL, NULL, NULL, 'admin', 'Get Critical search list.', NULL, NULL),
	(2783, 'ADMIN', NULL, 'LGIN', 'LOGN', '127.0.0.1', 'Login successfully', NULL, NULL, NULL, 'admin', NULL, NULL, NULL),
	(2784, 'ADMIN', 'UMSC', 'CLAIMS', 'VIEW', '127.0.0.1', NULL, NULL, NULL, NULL, 'admin', 'Get Critical search list.', NULL, NULL),
	(2785, 'ADMIN', NULL, 'LGIN', 'LOGN', '127.0.0.1', 'Login successfully', NULL, NULL, NULL, 'admin', NULL, NULL, NULL),
	(2786, 'ADMIN', 'UMSC', 'CLAIMS', 'VIEW', '127.0.0.1', NULL, NULL, NULL, NULL, 'admin', 'Get Critical search list.', NULL, NULL),
	(2787, 'ADMIN', NULL, 'LGIN', 'LOGN', '127.0.0.1', 'Login successfully', NULL, NULL, NULL, 'admin', NULL, NULL, NULL),
	(2788, 'ADMIN', 'UMSC', 'CLAIMS', 'VIEW', '127.0.0.1', NULL, NULL, NULL, NULL, 'admin', 'Get Critical search list.', NULL, NULL),
	(2789, 'ADMIN', NULL, 'LGIN', 'LOGN', '127.0.0.1', 'Login successfully', NULL, NULL, NULL, 'admin', NULL, NULL, NULL),
	(2790, 'ADMIN', 'UMSC', 'CLAIMS', 'VIEW', '127.0.0.1', NULL, NULL, NULL, NULL, 'admin', 'Get Critical search list.', NULL, NULL),
	(2791, 'ADMIN', NULL, 'LGIN', 'LOGN', '127.0.0.1', 'Login successfully', NULL, NULL, NULL, 'admin', NULL, NULL, NULL),
	(2792, 'ADMIN', NULL, 'LGIN', 'LOGN', '127.0.0.1', 'Login successfully', NULL, NULL, NULL, 'admin', NULL, NULL, NULL),
	(2793, 'ADMIN', 'UMSC', 'CLAIMS', 'VIEW', '127.0.0.1', NULL, NULL, NULL, NULL, 'admin', 'Get Critical search list.', NULL, NULL),
	(2794, 'ADMIN', NULL, 'LGIN', 'LOGN', '127.0.0.1', 'Login successfully', NULL, NULL, NULL, 'admin', NULL, NULL, NULL),
	(2795, 'ADMIN', NULL, 'LGIN', 'LOGN', '127.0.0.1', 'Login successfully', NULL, NULL, NULL, 'admin', NULL, NULL, NULL),
	(2796, 'ADMIN', 'UMSC', 'CLAIMS', 'VIEW', '127.0.0.1', NULL, NULL, NULL, NULL, 'admin', 'Get Critical search list.', NULL, NULL),
	(2797, 'ADMIN', NULL, 'LGIN', 'LOGN', '127.0.0.1', 'Login successfully', NULL, NULL, NULL, 'admin', NULL, NULL, NULL),
	(2798, 'ADMIN', 'SCSC', 'SUPPLIER', 'VIEW', '127.0.0.1', NULL, NULL, NULL, NULL, 'admin', 'Get supplier search list.', NULL, NULL),
	(2799, 'ADMIN', 'UMSC', 'CLAIMS', 'VIEW', '127.0.0.1', NULL, NULL, NULL, NULL, 'admin', 'Get Critical search list.', NULL, NULL),
	(2800, 'ADMIN', NULL, 'LGIN', 'LOGN', '127.0.0.1', 'Login successfully', NULL, NULL, NULL, 'admin', NULL, NULL, NULL),
	(2801, 'ADMIN', 'UMSC', 'CLAIMS', 'VIEW', '127.0.0.1', NULL, NULL, NULL, NULL, 'admin', 'Get Critical search list.', NULL, NULL),
	(2802, 'ADMIN', NULL, 'LGIN', 'LOGN', '127.0.0.1', 'Login successfully', NULL, NULL, NULL, 'admin', NULL, NULL, NULL),
	(2803, 'ADMIN', 'UMSC', 'CLAIMS', 'VIEW', '127.0.0.1', NULL, NULL, NULL, NULL, 'admin', 'Get Critical search list.', NULL, NULL),
	(2804, 'ADMIN', NULL, 'LGIN', 'LOGN', '127.0.0.1', 'Login successfully', NULL, NULL, NULL, 'admin', NULL, NULL, NULL),
	(2805, 'ADMIN', 'UMSC', 'CLAIMS', 'VIEW', '127.0.0.1', NULL, NULL, NULL, NULL, 'admin', 'Get Critical search list.', NULL, NULL),
	(2806, 'ADMIN', NULL, 'LGIN', 'LOGN', '127.0.0.1', 'Login successfully', NULL, NULL, NULL, 'admin', NULL, NULL, NULL),
	(2807, 'ADMIN', 'UMSC', 'CLAIMS', 'VIEW', '127.0.0.1', NULL, NULL, NULL, NULL, 'admin', 'Get Critical search list.', NULL, NULL),
	(2808, 'ADMIN', 'UMSC', 'CLAIMS', 'VIEW', '127.0.0.1', NULL, NULL, NULL, NULL, 'admin', 'Get Critical search list.', NULL, NULL),
	(2809, 'ADMIN', NULL, 'LGIN', 'LOGN', '127.0.0.1', 'Login successfully', NULL, NULL, NULL, 'admin', NULL, NULL, NULL),
	(2810, 'ADMIN', NULL, 'LGIN', 'LOGN', '127.0.0.1', 'Login successfully', NULL, NULL, NULL, 'admin', NULL, NULL, NULL),
	(2811, 'ADMIN', NULL, 'LGIN', 'LOGN', '127.0.0.1', 'Login successfully', NULL, NULL, NULL, 'admin', NULL, NULL, NULL),
	(2812, 'ADMIN', 'UMSC', 'CLAIMS', 'VIEW', '127.0.0.1', NULL, NULL, NULL, NULL, 'admin', 'Get Claim search list.', NULL, NULL),
	(2813, 'ADMIN', 'UMSC', 'URMT', 'VIEW', '127.0.0.1', NULL, NULL, NULL, NULL, 'admin', 'Get user role search list.', NULL, NULL),
	(2814, 'ADMIN', 'UMSC', 'URMT', 'ASGNPAGE', '127.0.0.1', NULL, NULL, NULL, NULL, 'admin', 'Assign task to user role (user role code: ADMIN) by admin', NULL, NULL),
	(2815, 'ADMIN', 'UMSC', 'URMT', 'VIEW', '127.0.0.1', NULL, NULL, NULL, NULL, 'admin', 'Get user role search list.', NULL, NULL),
	(2816, 'ADMIN', 'UMSC', 'URMT', 'ASGNPAGE', '127.0.0.1', NULL, NULL, NULL, NULL, 'admin', 'Assign task to user role (user role code: DEALER) by admin', NULL, NULL),
	(2817, 'ADMIN', 'UMSC', 'URMT', 'VIEW', '127.0.0.1', NULL, NULL, NULL, NULL, 'admin', 'Get user role search list.', NULL, NULL),
	(2818, 'ADMIN', NULL, 'LGIN', 'LOGN', '127.0.0.1', 'Login successfully', NULL, NULL, NULL, 'admin', NULL, NULL, NULL),
	(2819, 'ADMIN', 'UMSC', 'CLAIMS', 'VIEW', '127.0.0.1', NULL, NULL, NULL, NULL, 'admin', 'Get Claim search list.', NULL, NULL),
	(2820, 'ADMIN', 'UMSC', 'CLAIMS', 'VIEW', '127.0.0.1', NULL, NULL, NULL, NULL, 'admin', 'Get Claim search list.', NULL, NULL),
	(2821, 'ADMIN', 'SCSC', 'CLAIMS', 'UPDATE', '127.0.0.1', NULL, 'Task Code|Description|Status|Created Time|Last Updated Time|Last Updated User', 'WDC-16631506101', 'WDC-16631506101', 'admin', 'Claim (ID: WDC-16631506101) approved by admin', NULL, NULL),
	(2822, 'ADMIN', 'UMSC', 'CLAIMS', 'VIEW', '127.0.0.1', NULL, NULL, NULL, NULL, 'admin', 'Get Claim search list.', NULL, NULL),
	(2823, 'ADMIN', 'SCSC', 'CLAIMS', 'UPDATE', '127.0.0.1', NULL, 'Task Code|Description|Status|Created Time|Last Updated Time|Last Updated User', 'WDC-16631506101', 'WDC-16631506101', 'admin', 'Claim (ID: WDC-16631506101) rejected by admin', NULL, NULL),
	(2824, 'ADMIN', 'UMSC', 'CLAIMS', 'VIEW', '127.0.0.1', NULL, NULL, NULL, NULL, 'admin', 'Get Claim search list.', NULL, NULL),
	(2825, 'ADMIN', NULL, 'LGIN', 'LOGN', '127.0.0.1', 'Login successfully', NULL, NULL, NULL, 'admin', NULL, NULL, NULL),
	(2826, 'ADMIN', 'UMSC', 'CLAIMS', 'VIEW', '127.0.0.1', NULL, NULL, NULL, NULL, 'admin', 'Get Claim search list.', NULL, NULL),
	(2827, 'ADMIN', NULL, 'LGIN', 'LOGN', '127.0.0.1', 'Login successfully', NULL, NULL, NULL, 'admin', NULL, NULL, NULL),
	(2828, 'ADMIN', 'UMSC', 'CLAIMS', 'VIEW', '127.0.0.1', NULL, NULL, NULL, NULL, 'admin', 'Get Critical search list.', NULL, NULL),
	(2829, 'ADMIN', 'UMSC', 'CLAIMS', 'VIEW', '127.0.0.1', NULL, NULL, NULL, NULL, 'admin', 'Get Claim search list.', NULL, NULL),
	(2830, 'ADMIN', 'SCSC', 'CLAIMS', 'UPDATE', '127.0.0.1', NULL, 'Task Code|Description|Status|Created Time|Last Updated Time|Last Updated User', 'WDC-16631506101', 'WDC-16631506101', 'admin', 'Claim (ID: WDC-16631506101) approved by admin', NULL, NULL),
	(2831, 'ADMIN', 'UMSC', 'CLAIMS', 'VIEW', '127.0.0.1', NULL, NULL, NULL, NULL, 'admin', 'Get Claim search list.', NULL, NULL),
	(2832, 'ADMIN', NULL, 'LGIN', 'LOGN', '127.0.0.1', 'Login successfully', NULL, NULL, NULL, 'admin', NULL, NULL, NULL),
	(2833, 'ADMIN', 'UMSC', 'CLAIMS', 'VIEW', '127.0.0.1', NULL, NULL, NULL, NULL, 'admin', 'Get Claim search list.', NULL, NULL),
	(2834, 'ADMIN', 'UMSC', 'CLAIMS', 'VIEW', '127.0.0.1', NULL, NULL, NULL, NULL, 'admin', 'Get Critical search list.', NULL, NULL),
	(2835, 'ADMIN', NULL, 'LGIN', 'LOGN', '127.0.0.1', 'Login successfully', NULL, NULL, NULL, 'admin', NULL, NULL, NULL),
	(2836, 'ADMIN', 'UMSC', 'CLAIMS', 'VIEW', '127.0.0.1', NULL, NULL, NULL, NULL, 'admin', 'Get Critical search list.', NULL, NULL),
	(2837, 'ADMIN', 'UMSC', 'CLAIMS', 'VIEW', '127.0.0.1', NULL, NULL, NULL, NULL, 'admin', 'Get Critical search list.', NULL, NULL),
	(2838, 'ADMIN', NULL, 'LGIN', 'LOGN', '127.0.0.1', 'Login successfully', NULL, NULL, NULL, 'admin', NULL, NULL, NULL),
	(2839, 'ADMIN', 'UMSC', 'CLAIMS', 'VIEW', '127.0.0.1', NULL, NULL, NULL, NULL, 'admin', 'Get Critical search list.', NULL, NULL),
	(2840, 'ADMIN', 'UMSC', 'CLAIMS', 'VIEW', '127.0.0.1', NULL, NULL, NULL, NULL, 'admin', 'Get Critical search list.', NULL, NULL),
	(2841, 'ADMIN', 'UMSC', 'CLAIMS', 'VIEW', '127.0.0.1', NULL, NULL, NULL, NULL, 'admin', 'Get Claim search list.', NULL, NULL),
	(2842, 'ADMIN', 'UMSC', 'CLAIMS', 'VIEW', '127.0.0.1', NULL, NULL, NULL, NULL, 'admin', 'Get Claim search list.', NULL, NULL),
	(2843, 'ADMIN', 'UMSC', 'CLAIMS', 'VIEW', '127.0.0.1', NULL, NULL, NULL, NULL, 'admin', 'Get Critical search list.', NULL, NULL),
	(2844, 'ADMIN', NULL, 'LGIN', 'LOGN', '127.0.0.1', 'Login successfully', NULL, NULL, NULL, 'admin', NULL, NULL, NULL),
	(2845, 'ADMIN', 'UMSC', 'CLAIMS', 'VIEW', '127.0.0.1', NULL, NULL, NULL, NULL, 'admin', 'Get Critical search list.', NULL, NULL),
	(2846, 'ADMIN', NULL, 'LGIN', 'LOGN', '127.0.0.1', 'Login successfully', NULL, NULL, NULL, 'admin', NULL, NULL, NULL),
	(2847, 'ADMIN', 'UMSC', 'CLAIMS', 'VIEW', '127.0.0.1', NULL, NULL, NULL, NULL, 'admin', 'Get Critical search list.', NULL, NULL),
	(2848, 'ADMIN', 'UMSC', 'CLAIMS', 'VIEW', '127.0.0.1', NULL, NULL, NULL, NULL, 'admin', 'Get Claim search list.', NULL, NULL),
	(2849, 'ADMIN', NULL, 'LGIN', 'LOGN', '127.0.0.1', 'Login successfully', NULL, NULL, NULL, 'admin', NULL, NULL, NULL),
	(2850, 'ADMIN', 'UMSC', 'CLAIMS', 'VIEW', '127.0.0.1', NULL, NULL, NULL, NULL, 'admin', 'Get Claim search list.', NULL, NULL),
	(2851, 'ADMIN', NULL, 'LGIN', 'LOGN', '127.0.0.1', 'Login successfully', NULL, NULL, NULL, 'admin', NULL, NULL, NULL),
	(2852, 'ADMIN', 'UMSC', 'CLAIMS', 'VIEW', '127.0.0.1', NULL, NULL, NULL, NULL, 'admin', 'Get Claim search list.', NULL, NULL),
	(2853, 'ADMIN', 'UMSC', 'CLAIMS', 'VIEW', '127.0.0.1', NULL, NULL, NULL, NULL, 'admin', 'Get Claim search list.', NULL, NULL),
	(2854, 'ADMIN', 'UMSC', 'CLAIMS', 'VIEW', '127.0.0.1', NULL, NULL, NULL, NULL, 'admin', 'Get Claim search list.', NULL, NULL),
	(2855, 'ADMIN', 'UMSC', 'CLAIMS', 'VIEW', '127.0.0.1', NULL, NULL, NULL, NULL, 'admin', 'Get Critical search list.', NULL, NULL),
	(2856, 'ADMIN', 'UMSC', 'CLAIMS', 'VIEW', '127.0.0.1', NULL, NULL, NULL, NULL, 'admin', 'Get Claim search list.', NULL, NULL),
	(2857, 'ADMIN', NULL, 'LGIN', 'LOGN', '127.0.0.1', 'Login successfully', NULL, NULL, NULL, 'admin', NULL, NULL, NULL),
	(2858, 'ADMIN', 'UMSC', 'CLAIMS', 'VIEW', '127.0.0.1', NULL, NULL, NULL, NULL, 'admin', 'Get Critical search list.', NULL, NULL),
	(2859, 'ADMIN', 'UMSC', 'CLAIMS', 'VIEW', '127.0.0.1', NULL, NULL, NULL, NULL, 'admin', 'Get Claim search list.', NULL, NULL),
	(2860, 'ADMIN', NULL, 'LGIN', 'LOGN', '127.0.0.1', 'Login successfully', NULL, NULL, NULL, 'admin', NULL, NULL, NULL),
	(2861, 'ADMIN', 'UMSC', 'CLAIMS', 'VIEW', '127.0.0.1', NULL, NULL, NULL, NULL, 'admin', 'Get Claim search list.', NULL, NULL),
	(2862, 'ADMIN', NULL, 'LGIN', 'LOGN', '127.0.0.1', 'Login successfully', NULL, NULL, NULL, 'admin', NULL, NULL, NULL),
	(2863, 'ADMIN', 'UMSC', 'CLAIMS', 'VIEW', '127.0.0.1', NULL, NULL, NULL, NULL, 'admin', 'Get Critical search list.', NULL, NULL),
	(2864, 'ADMIN', NULL, 'LGIN', 'LOGN', '127.0.0.1', 'Login successfully', NULL, NULL, NULL, 'admin', NULL, NULL, NULL),
	(2865, 'ADMIN', 'UMSC', 'CLAIMS', 'VIEW', '127.0.0.1', NULL, NULL, NULL, NULL, 'admin', 'Get Critical search list.', NULL, NULL),
	(2866, 'ADMIN', NULL, 'LGIN', 'LOGN', '127.0.0.1', 'Login successfully', NULL, NULL, NULL, 'admin', NULL, NULL, NULL),
	(2867, 'ADMIN', NULL, 'LGIN', 'LOGN', '127.0.0.1', 'Login successfully', NULL, NULL, NULL, 'admin', NULL, NULL, NULL),
	(2868, 'ADMIN', NULL, 'LGIN', 'LOGN', '127.0.0.1', 'Login successfully', NULL, NULL, NULL, 'admin', NULL, NULL, NULL),
	(2869, 'ADMIN', NULL, 'LGIN', 'LOGN', '127.0.0.1', 'Login successfully', NULL, NULL, NULL, 'admin', NULL, NULL, NULL),
	(2870, 'ADMIN', 'UMSC', 'CLAIMS', 'VIEW', '127.0.0.1', NULL, NULL, NULL, NULL, 'admin', 'Get Critical search list.', NULL, NULL),
	(2871, 'ADMIN', 'UMSC', 'CLAIMS', 'VIEW', '127.0.0.1', NULL, NULL, NULL, NULL, 'admin', 'Get Critical search list.', NULL, NULL),
	(2872, 'ADMIN', 'UMSC', 'CLAIMS', 'VIEW', '127.0.0.1', NULL, NULL, NULL, NULL, 'admin', 'Get Critical search list.', NULL, NULL),
	(2873, 'ADMIN', 'UMSC', 'CLAIMS', 'VIEW', '127.0.0.1', NULL, NULL, NULL, NULL, 'admin', 'Get Critical search list.', NULL, NULL),
	(2874, 'ADMIN', 'UMSC', 'CLAIMS', 'VIEW', '127.0.0.1', NULL, NULL, NULL, NULL, 'admin', 'Get Critical search list.', NULL, NULL),
	(2875, 'ADMIN', 'UMSC', 'CLAIMS', 'VIEW', '127.0.0.1', NULL, NULL, NULL, NULL, 'admin', 'Get Critical search list.', NULL, NULL),
	(2876, 'ADMIN', NULL, 'LGIN', 'LOGN', '127.0.0.1', 'Login successfully', NULL, NULL, NULL, 'admin', NULL, NULL, NULL),
	(2877, 'ADMIN', NULL, 'LGIN', 'LOGN', '127.0.0.1', 'Login successfully', NULL, NULL, NULL, 'admin', NULL, NULL, NULL),
	(2878, 'ADMIN', NULL, 'LGIN', 'LOGN', '127.0.0.1', 'Login successfully', NULL, NULL, NULL, 'admin', NULL, NULL, NULL),
	(2879, 'ADMIN', 'UMSC', 'CLAIMS', 'VIEW', '127.0.0.1', NULL, NULL, NULL, NULL, 'admin', 'Get Critical search list.', NULL, NULL),
	(2880, 'ADMIN', 'UMSC', 'CLAIMS', 'VIEW', '127.0.0.1', NULL, NULL, NULL, NULL, 'admin', 'Get Critical search list.', NULL, NULL),
	(2881, 'ADMIN', 'UMSC', 'CLAIMS', 'VIEW', '127.0.0.1', NULL, NULL, NULL, NULL, 'admin', 'Get Critical search list.', NULL, NULL),
	(2882, 'ADMIN', 'UMSC', 'CLAIMS', 'VIEW', '127.0.0.1', NULL, NULL, NULL, NULL, 'admin', 'Get Critical search list.', NULL, NULL),
	(2883, 'ADMIN', 'UMSC', 'CLAIMS', 'VIEW', '127.0.0.1', NULL, NULL, NULL, NULL, 'admin', 'Get Critical search list.', NULL, NULL),
	(2884, 'ADMIN', NULL, 'LGIN', 'LOGN', '127.0.0.1', 'Login successfully', NULL, NULL, NULL, 'admin', NULL, NULL, NULL),
	(2885, 'ADMIN', 'UMSC', 'CLAIMS', 'VIEW', '127.0.0.1', NULL, NULL, NULL, NULL, 'admin', 'Get Critical search list.', NULL, NULL),
	(2886, 'ADMIN', NULL, 'LGIN', 'LOGN', '127.0.0.1', 'Login successfully', NULL, NULL, NULL, 'admin', NULL, NULL, NULL),
	(2887, 'ADMIN', 'UMSC', 'CLAIMS', 'VIEW', '127.0.0.1', NULL, NULL, NULL, NULL, 'admin', 'Get Critical search list.', NULL, NULL),
	(2888, 'ADMIN', NULL, 'LGIN', 'LOGN', '127.0.0.1', 'Login successfully', NULL, NULL, NULL, 'admin', NULL, NULL, NULL),
	(2889, 'ADMIN', 'UMSC', 'CLAIMS', 'VIEW', '127.0.0.1', NULL, NULL, NULL, NULL, 'admin', 'Get Critical search list.', NULL, NULL),
	(2890, 'ADMIN', NULL, 'LGIN', 'LOGN', '127.0.0.1', 'Login successfully', NULL, NULL, NULL, 'admin', NULL, NULL, NULL),
	(2891, 'ADMIN', 'UMSC', 'CLAIMS', 'VIEW', '127.0.0.1', NULL, NULL, NULL, NULL, 'admin', 'Get Critical search list.', NULL, NULL),
	(2892, 'ADMIN', NULL, 'LGIN', 'LOGN', '127.0.0.1', 'Login successfully', NULL, NULL, NULL, 'admin', NULL, NULL, NULL),
	(2893, 'ADMIN', 'UMSC', 'CLAIMS', 'VIEW', '127.0.0.1', NULL, NULL, NULL, NULL, 'admin', 'Get Critical search list.', NULL, NULL),
	(2894, 'ADMIN', NULL, 'LGIN', 'LOGN', '127.0.0.1', 'Login successfully', NULL, NULL, NULL, 'admin', NULL, NULL, NULL),
	(2895, 'ADMIN', 'UMSC', 'CLAIMS', 'VIEW', '127.0.0.1', NULL, NULL, NULL, NULL, 'admin', 'Get Critical search list.', NULL, NULL),
	(2896, 'ADMIN', NULL, 'LGIN', 'LOGN', '127.0.0.1', 'Login successfully', NULL, NULL, NULL, 'admin', NULL, NULL, NULL),
	(2897, 'ADMIN', 'UMSC', 'CLAIMS', 'VIEW', '127.0.0.1', NULL, NULL, NULL, NULL, 'admin', 'Get Critical search list.', NULL, NULL),
	(2898, 'ADMIN', NULL, 'LGIN', 'LOGN', '127.0.0.1', 'Login successfully', NULL, NULL, NULL, 'admin', NULL, NULL, NULL),
	(2899, 'ADMIN', 'UMSC', 'CLAIMS', 'VIEW', '127.0.0.1', NULL, NULL, NULL, NULL, 'admin', 'Get Critical search list.', NULL, NULL),
	(2900, 'ADMIN', NULL, 'LGIN', 'LOGN', '127.0.0.1', 'Login successfully', NULL, NULL, NULL, 'admin', NULL, NULL, NULL),
	(2901, 'ADMIN', 'UMSC', 'CLAIMS', 'VIEW', '127.0.0.1', NULL, NULL, NULL, NULL, 'admin', 'Get Critical search list.', NULL, NULL),
	(2902, 'ADMIN', NULL, 'LGIN', 'LOGN', '127.0.0.1', 'Login successfully', NULL, NULL, NULL, 'admin', NULL, NULL, NULL),
	(2903, 'ADMIN', 'UMSC', 'CLAIMS', 'VIEW', '127.0.0.1', NULL, NULL, NULL, NULL, 'admin', 'Get Critical search list.', NULL, NULL),
	(2904, 'ADMIN', 'UMSC', 'CLAIMS', 'VIEW', '127.0.0.1', NULL, NULL, NULL, NULL, 'admin', 'Get Critical search list.', NULL, NULL),
	(2905, 'ADMIN', 'UMSC', 'CLAIMS', 'VIEW', '127.0.0.1', NULL, NULL, NULL, NULL, 'admin', 'Get Claim search list.', NULL, NULL),
	(2906, 'ADMIN', 'UMSC', 'CLAIMS', 'VIEW', '127.0.0.1', NULL, NULL, NULL, NULL, 'admin', 'Get Claim search list.', NULL, NULL),
	(2907, 'DEALER', NULL, 'LGIN', 'LOGN', '127.0.0.1', 'Login successfully', NULL, NULL, NULL, 'dilanka', NULL, NULL, NULL),
	(2908, 'DEALER', 'UMSC', 'CLAIMS', 'VIEW', '127.0.0.1', NULL, NULL, NULL, NULL, 'dilanka', 'Get Claim search list.', NULL, NULL),
	(2909, 'ADMIN', NULL, 'LGIN', 'LOGN', '127.0.0.1', 'Login successfully', NULL, NULL, NULL, 'admin', NULL, NULL, NULL),
	(2910, 'ADMIN', 'UMSC', 'URMT', 'VIEW', '127.0.0.1', NULL, NULL, NULL, NULL, 'admin', 'Get user role search list.', NULL, NULL),
	(2911, 'ADMIN', 'UMSC', 'URMT', 'ASGNPAGE', '127.0.0.1', NULL, NULL, NULL, NULL, 'admin', 'Assign task to user role (user role code: ADMIN) by admin', NULL, NULL),
	(2912, 'ADMIN', 'UMSC', 'URMT', 'VIEW', '127.0.0.1', NULL, NULL, NULL, NULL, 'admin', 'Get user role search list.', NULL, NULL),
	(2913, 'ADMIN', NULL, 'LGIN', 'LOGN', '127.0.0.1', 'Login successfully', NULL, NULL, NULL, 'admin', NULL, NULL, NULL),
	(2914, 'ADMIN', 'UMSC', 'CLAIMS', 'VIEW', '127.0.0.1', NULL, NULL, NULL, NULL, 'admin', 'Get Claim search list.', NULL, NULL),
	(2915, 'ADMIN', 'UMSC', 'CLAIMS', 'VIEW', '127.0.0.1', NULL, NULL, NULL, NULL, 'admin', 'Get Claim search list.', NULL, NULL),
	(2916, 'ADMIN', 'UMSC', 'CLAIMS', 'VIEW', '127.0.0.1', NULL, NULL, NULL, NULL, 'admin', 'Get Critical search list.', NULL, NULL),
	(2917, 'ADMIN', 'UMSC', 'CLAIMS', 'VIEW', '127.0.0.1', NULL, NULL, NULL, NULL, 'admin', 'Get Claim search list.', NULL, NULL),
	(2918, 'ADMIN', 'UMSC', 'URMT', 'VIEW', '127.0.0.1', NULL, NULL, NULL, NULL, 'admin', 'Get user role search list.', NULL, NULL),
	(2919, 'ADMIN', 'UMSC', 'URMT', 'VIEW', '127.0.0.1', NULL, NULL, NULL, NULL, 'admin', 'Get user role search list.', NULL, NULL),
	(2920, 'ADMIN', 'UMSC', 'CLAIMS', 'VIEW', '127.0.0.1', NULL, NULL, NULL, NULL, 'admin', 'Get Claim search list.', NULL, NULL),
	(2921, 'ADMIN', 'SCSC', 'CLAIMS', 'UPDATE', '127.0.0.1', NULL, 'Task Code|Description|Status|Created Time|Last Updated Time|Last Updated User', 'WDC-16638244806', 'WDC-16638244806', 'admin', 'Claim (ID: WDC-16638244806) approved by admin', NULL, NULL),
	(2922, 'ADMIN', 'UMSC', 'CLAIMS', 'VIEW', '127.0.0.1', NULL, NULL, NULL, NULL, 'admin', 'Get Claim search list.', NULL, NULL),
	(2923, 'ADMIN', 'UMSC', 'CLAIMS', 'VIEW', '127.0.0.1', NULL, NULL, NULL, NULL, 'admin', 'Get Critical search list.', NULL, NULL),
	(2924, 'ADMIN', NULL, 'LGIN', 'LOGN', '127.0.0.1', 'Login successfully', NULL, NULL, NULL, 'admin', NULL, NULL, NULL),
	(2925, 'ADMIN', 'UMSC', 'CLAIMS', 'VIEW', '127.0.0.1', NULL, NULL, NULL, NULL, 'admin', 'Get Critical search list.', NULL, NULL),
	(2926, 'ADMIN', NULL, 'LGIN', 'LOGN', '127.0.0.1', 'Login successfully', NULL, NULL, NULL, 'admin', NULL, NULL, NULL),
	(2927, 'ADMIN', 'UMSC', 'CLAIMS', 'VIEW', '127.0.0.1', NULL, NULL, NULL, NULL, 'admin', 'Get Critical search list.', NULL, NULL),
	(2928, 'ADMIN', NULL, 'LGIN', 'LOGN', '127.0.0.1', 'Login successfully', NULL, NULL, NULL, 'admin', NULL, NULL, NULL),
	(2929, 'ADMIN', 'UMSC', 'CLAIMS', 'VIEW', '127.0.0.1', NULL, NULL, NULL, NULL, 'admin', 'Get Critical search list.', NULL, NULL),
	(2930, 'ADMIN', NULL, 'LGIN', 'LOGN', '127.0.0.1', 'Login successfully', NULL, NULL, NULL, 'admin', NULL, NULL, NULL),
	(2931, 'ADMIN', 'UMSC', 'CLAIMS', 'VIEW', '127.0.0.1', NULL, NULL, NULL, NULL, 'admin', 'Get Critical search list.', NULL, NULL),
	(2932, 'ADMIN', 'SCSC', 'SUPPLIER', 'VIEW', '127.0.0.1', NULL, NULL, NULL, NULL, 'admin', 'Get supplier search list.', NULL, NULL),
	(2933, 'ADMIN', NULL, NULL, NULL, '127.0.0.1', NULL, NULL, NULL, NULL, 'admin', NULL, NULL, NULL),
	(2934, 'ADMIN', 'UMSC', 'CLAIMS', 'VIEW', '127.0.0.1', NULL, NULL, NULL, NULL, 'admin', 'Get Claim search list.', NULL, NULL),
	(2935, 'ADMIN', 'SCSC', 'CLAIMS', 'UPDATE', '127.0.0.1', NULL, 'Task Code|Description|Status|Created Time|Last Updated Time|Last Updated User', 'WDC-16638244806', 'WDC-16638244806', 'admin', 'Claim (ID: WDC-16638244806) noted by admin', NULL, NULL),
	(2936, 'ADMIN', 'UMSC', 'CLAIMS', 'VIEW', '127.0.0.1', NULL, NULL, NULL, NULL, 'admin', 'Get Claim search list.', NULL, NULL),
	(2937, 'ADMIN', 'UMSC', 'CLAIMS', 'VIEW', '127.0.0.1', NULL, NULL, NULL, NULL, 'admin', 'Get Critical search list.', NULL, NULL),
	(2938, 'ADMIN', NULL, 'LGIN', 'LOGN', '127.0.0.1', 'Login successfully', NULL, NULL, NULL, 'admin', NULL, NULL, NULL),
	(2939, 'ADMIN', 'UMSC', 'CLAIMS', 'VIEW', '127.0.0.1', NULL, NULL, NULL, NULL, 'admin', 'Get Critical search list.', NULL, NULL),
	(2940, 'ADMIN', NULL, 'LGIN', 'LOGN', '127.0.0.1', 'Login successfully', NULL, NULL, NULL, 'admin', NULL, NULL, NULL),
	(2941, 'ADMIN', 'UMSC', 'CLAIMS', 'VIEW', '127.0.0.1', NULL, NULL, NULL, NULL, 'admin', 'Get Critical search list.', NULL, NULL),
	(2942, 'ADMIN', NULL, 'LGIN', 'LOGN', '127.0.0.1', 'Login successfully', NULL, NULL, NULL, 'admin', NULL, NULL, NULL),
	(2943, 'ADMIN', 'UMSC', 'CLAIMS', 'VIEW', '127.0.0.1', NULL, NULL, NULL, NULL, 'admin', 'Get Critical search list.', NULL, NULL),
	(2944, 'ADMIN', NULL, 'LGIN', 'LOGN', '127.0.0.1', 'Login successfully', NULL, NULL, NULL, 'admin', NULL, NULL, NULL),
	(2945, 'ADMIN', 'UMSC', 'CLAIMS', 'VIEW', '127.0.0.1', NULL, NULL, NULL, NULL, 'admin', 'Get Critical search list.', NULL, NULL),
	(2946, 'ADMIN', NULL, 'LGIN', 'LOGN', '127.0.0.1', 'Login successfully', NULL, NULL, NULL, 'admin', NULL, NULL, NULL),
	(2947, 'ADMIN', 'UMSC', 'CLAIMS', 'VIEW', '127.0.0.1', NULL, NULL, NULL, NULL, 'admin', 'Get Critical search list.', NULL, NULL),
	(2948, 'ADMIN', NULL, 'LGIN', 'LOGN', '127.0.0.1', 'Login successfully', NULL, NULL, NULL, 'admin', NULL, NULL, NULL),
	(2949, 'ADMIN', 'UMSC', 'CLAIMS', 'VIEW', '127.0.0.1', NULL, NULL, NULL, NULL, 'admin', 'Get Critical search list.', NULL, NULL),
	(2950, 'ADMIN', NULL, 'LGIN', 'LOGN', '127.0.0.1', 'Login successfully', NULL, NULL, NULL, 'admin', NULL, NULL, NULL),
	(2951, 'ADMIN', 'UMSC', 'CLAIMS', 'VIEW', '127.0.0.1', NULL, NULL, NULL, NULL, 'admin', 'Get Critical search list.', NULL, NULL),
	(2952, 'ADMIN', NULL, 'LGIN', 'LOGN', '127.0.0.1', 'Login successfully', NULL, NULL, NULL, 'admin', NULL, NULL, NULL),
	(2953, 'ADMIN', 'UMSC', 'CLAIMS', 'VIEW', '127.0.0.1', NULL, NULL, NULL, NULL, 'admin', 'Get Critical search list.', NULL, NULL),
	(2954, 'ADMIN', NULL, 'LGIN', 'LOGN', '127.0.0.1', 'Login successfully', NULL, NULL, NULL, 'admin', NULL, NULL, NULL),
	(2955, 'ADMIN', 'UMSC', 'CLAIMS', 'VIEW', '127.0.0.1', NULL, NULL, NULL, NULL, 'admin', 'Get Critical search list.', NULL, NULL),
	(2956, 'ADMIN', 'UMSC', 'CLAIMS', 'VIEW', '127.0.0.1', NULL, NULL, NULL, NULL, 'admin', 'Get Critical search list.', NULL, NULL),
	(2957, 'ADMIN', NULL, 'LGIN', 'LOGN', '127.0.0.1', 'Login successfully', NULL, NULL, NULL, 'admin', NULL, NULL, NULL),
	(2958, 'ADMIN', 'UMSC', 'CLAIMS', 'VIEW', '127.0.0.1', NULL, NULL, NULL, NULL, 'admin', 'Get Critical search list.', NULL, NULL),
	(2959, 'ADMIN', 'SCSC', 'SUPPLIER', 'VIEW', '127.0.0.1', NULL, NULL, NULL, NULL, 'admin', 'Get supplier search list.', NULL, NULL),
	(2960, 'ADMIN', 'UMSC', 'CLAIMS', 'VIEW', '127.0.0.1', NULL, NULL, NULL, NULL, 'admin', 'Get Critical search list.', NULL, NULL),
	(2961, 'ADMIN', 'UMSC', 'CLAIMS', 'VIEW', '127.0.0.1', NULL, NULL, NULL, NULL, 'admin', 'Get Claim search list.', NULL, NULL),
	(2962, 'ADMIN', 'UMSC', 'CLAIMS', 'VIEW', '127.0.0.1', NULL, NULL, NULL, NULL, 'admin', 'Get Critical search list.', NULL, NULL),
	(2963, 'ADMIN', 'UMSC', 'CLAIMS', 'VIEW', '127.0.0.1', NULL, NULL, NULL, NULL, 'admin', 'Get Critical search list.', NULL, NULL),
	(2964, 'ADMIN', NULL, 'LGIN', 'LOGN', '127.0.0.1', 'Login successfully', NULL, NULL, NULL, 'admin', NULL, NULL, NULL),
	(2965, 'ADMIN', 'UMSC', 'CLAIMS', 'VIEW', '127.0.0.1', NULL, NULL, NULL, NULL, 'admin', 'Get Claim search list.', NULL, NULL),
	(2966, 'ADMIN', 'UMSC', 'CLAIMS', 'VIEW', '127.0.0.1', NULL, NULL, NULL, NULL, 'admin', 'Get Critical search list.', NULL, NULL),
	(2967, 'ADMIN', 'UMSC', 'CLAIMS', 'VIEW', '127.0.0.1', NULL, NULL, NULL, NULL, 'admin', 'Get Critical search list.', NULL, NULL),
	(2968, 'ADMIN', NULL, 'LGIN', 'LOGN', '127.0.0.1', 'Login successfully', NULL, NULL, NULL, 'admin', NULL, NULL, NULL),
	(2969, 'ADMIN', 'UMSC', 'CLAIMS', 'VIEW', '127.0.0.1', NULL, NULL, NULL, NULL, 'admin', 'Get Critical search list.', NULL, NULL),
	(2970, 'ADMIN', NULL, 'LGIN', 'LOGN', '127.0.0.1', 'Login successfully', NULL, NULL, NULL, 'admin', NULL, NULL, NULL),
	(2971, 'ADMIN', 'UMSC', 'CLAIMS', 'VIEW', '127.0.0.1', NULL, NULL, NULL, NULL, 'admin', 'Get Critical search list.', NULL, NULL),
	(2972, 'ADMIN', NULL, 'LGIN', 'LOGN', '127.0.0.1', 'Login successfully', NULL, NULL, NULL, 'admin', NULL, NULL, NULL),
	(2973, 'ADMIN', 'UMSC', 'CLAIMS', 'VIEW', '127.0.0.1', NULL, NULL, NULL, NULL, 'admin', 'Get Critical search list.', NULL, NULL),
	(2974, 'ADMIN', NULL, 'LGIN', 'LOGN', '127.0.0.1', 'Login successfully', NULL, NULL, NULL, 'admin', NULL, NULL, NULL),
	(2975, 'ADMIN', 'UMSC', 'CLAIMS', 'VIEW', '127.0.0.1', NULL, NULL, NULL, NULL, 'admin', 'Get Critical search list.', NULL, NULL),
	(2976, 'ADMIN', NULL, 'LGIN', 'LOGN', '127.0.0.1', 'Login successfully', NULL, NULL, NULL, 'admin', NULL, NULL, NULL),
	(2977, 'ADMIN', 'UMSC', 'CLAIMS', 'VIEW', '127.0.0.1', NULL, NULL, NULL, NULL, 'admin', 'Get Critical search list.', NULL, NULL),
	(2978, 'ADMIN', 'UMSC', 'CLAIMS', 'VIEW', '127.0.0.1', NULL, NULL, NULL, NULL, 'admin', 'Get Critical search list.', NULL, NULL),
	(2979, 'ADMIN', NULL, 'LGIN', 'LOGN', '127.0.0.1', 'Login successfully', NULL, NULL, NULL, 'admin', NULL, NULL, NULL),
	(2980, 'ADMIN', 'UMSC', 'CLAIMS', 'VIEW', '127.0.0.1', NULL, NULL, NULL, NULL, 'admin', 'Get Critical search list.', NULL, NULL),
	(2981, 'ADMIN', NULL, 'LGIN', 'LOGN', '127.0.0.1', 'Login successfully', NULL, NULL, NULL, 'admin', NULL, NULL, NULL),
	(2982, 'ADMIN', 'UMSC', 'CLAIMS', 'VIEW', '127.0.0.1', NULL, NULL, NULL, NULL, 'admin', 'Get Critical search list.', NULL, NULL),
	(2983, 'ADMIN', NULL, 'LGIN', 'LOGN', '127.0.0.1', 'Login successfully', NULL, NULL, NULL, 'admin', NULL, NULL, NULL),
	(2984, 'ADMIN', 'UMSC', 'CLAIMS', 'VIEW', '127.0.0.1', NULL, NULL, NULL, NULL, 'admin', 'Get Critical search list.', NULL, NULL),
	(2985, 'ADMIN', NULL, 'LGIN', 'LOGN', '127.0.0.1', 'Login successfully', NULL, NULL, NULL, 'admin', NULL, NULL, NULL),
	(2986, 'ADMIN', 'UMSC', 'CLAIMS', 'VIEW', '127.0.0.1', NULL, NULL, NULL, NULL, 'admin', 'Get Critical search list.', NULL, NULL),
	(2987, 'ADMIN', 'SCSC', 'CLAIMS', 'UPDATE', '127.0.0.1', NULL, 'Task Code|Description|Status|Created Time|Last Updated Time|Last Updated User', 'WDC-00001', 'WDC-00001', 'admin', 'Claim (ID: WDC-00001) updated by admin', NULL, NULL),
	(2988, 'ADMIN', 'UMSC', 'CLAIMS', 'VIEW', '127.0.0.1', NULL, NULL, NULL, NULL, 'admin', 'Get Critical search list.', NULL, NULL),
	(2989, 'ADMIN', 'SCSC', 'CLAIMS', 'UPDATE', '127.0.0.1', NULL, 'Task Code|Description|Status|Created Time|Last Updated Time|Last Updated User', 'WDC-00001', 'WDC-00001', 'admin', 'Claim (ID: WDC-00001) updated by admin', NULL, NULL),
	(2990, 'ADMIN', 'UMSC', 'CLAIMS', 'VIEW', '127.0.0.1', NULL, NULL, NULL, NULL, 'admin', 'Get Critical search list.', NULL, NULL),
	(2991, 'ADMIN', 'SCSC', 'CLAIMS', 'UPDATE', '127.0.0.1', NULL, 'Task Code|Description|Status|Created Time|Last Updated Time|Last Updated User', 'WDC-00001', 'WDC-00001', 'admin', 'Claim (ID: WDC-00001) updated by admin', NULL, NULL),
	(2992, 'ADMIN', 'UMSC', 'CLAIMS', 'VIEW', '127.0.0.1', NULL, NULL, NULL, NULL, 'admin', 'Get Critical search list.', NULL, NULL),
	(2993, 'ADMIN', 'UMSC', 'CLAIMS', 'VIEW', '127.0.0.1', NULL, NULL, NULL, NULL, 'admin', 'Get Claim search list.', NULL, NULL),
	(2994, 'ADMIN', 'SCSC', 'CLAIMS', 'UPDATE', '127.0.0.1', NULL, 'Task Code|Description|Status|Created Time|Last Updated Time|Last Updated User', 'WDC-16638244806', 'WDC-16638244806', 'admin', 'Claim (ID: WDC-16638244806) approved by admin', NULL, NULL),
	(2995, 'ADMIN', 'UMSC', 'CLAIMS', 'VIEW', '127.0.0.1', NULL, NULL, NULL, NULL, 'admin', 'Get Claim search list.', NULL, NULL),
	(2996, 'ADMIN', 'UMSC', 'CLAIMS', 'VIEW', '127.0.0.1', NULL, NULL, NULL, NULL, 'admin', 'Get Critical search list.', NULL, NULL),
	(2997, 'ADMIN', 'UMSC', 'CLAIMS', 'VIEW', '127.0.0.1', NULL, NULL, NULL, NULL, 'admin', 'Get Claim search list.', NULL, NULL),
	(2998, 'ADMIN', 'SCSC', 'CLAIMS', 'UPDATE', '127.0.0.1', NULL, 'Task Code|Description|Status|Created Time|Last Updated Time|Last Updated User', 'WDC-16638244806', 'WDC-16638244806', 'admin', 'Claim (ID: WDC-16638244806) approved by admin', NULL, NULL),
	(2999, 'ADMIN', 'UMSC', 'CLAIMS', 'VIEW', '127.0.0.1', NULL, NULL, NULL, NULL, 'admin', 'Get Claim search list.', NULL, NULL),
	(3000, 'ADMIN', 'SCSC', 'CLAIMS', 'UPDATE', '127.0.0.1', NULL, 'Task Code|Description|Status|Created Time|Last Updated Time|Last Updated User', 'WDC-16638244806', 'WDC-16638244806', 'admin', 'Claim (ID: WDC-16638244806) noted by admin', NULL, NULL),
	(3001, 'ADMIN', 'UMSC', 'CLAIMS', 'VIEW', '127.0.0.1', NULL, NULL, NULL, NULL, 'admin', 'Get Claim search list.', NULL, NULL),
	(3002, 'ADMIN', 'SCSC', 'CLAIMS', 'UPDATE', '127.0.0.1', NULL, 'Task Code|Description|Status|Created Time|Last Updated Time|Last Updated User', 'WDC-16638244806', 'WDC-16638244806', 'admin', 'Claim (ID: WDC-16638244806) approved by admin', NULL, NULL),
	(3003, 'ADMIN', 'UMSC', 'CLAIMS', 'VIEW', '127.0.0.1', NULL, NULL, NULL, NULL, 'admin', 'Get Claim search list.', NULL, NULL),
	(3004, 'ADMIN', NULL, 'LGIN', 'LOGN', '127.0.0.1', 'Login successfully', NULL, NULL, NULL, 'admin', NULL, NULL, NULL),
	(3005, 'ADMIN', 'UMSC', 'CLAIMS', 'VIEW', '127.0.0.1', NULL, NULL, NULL, NULL, 'admin', 'Get Critical search list.', NULL, NULL),
	(3006, 'ADMIN', 'UMSC', 'CLAIMS', 'VIEW', '127.0.0.1', NULL, NULL, NULL, NULL, 'admin', 'Get Claim search list.', NULL, NULL),
	(3007, 'ADMIN', 'SCSC', 'CLAIMS', 'UPDATE', '127.0.0.1', NULL, 'Task Code|Description|Status|Created Time|Last Updated Time|Last Updated User', 'WDC-16638244806', 'WDC-16638244806', 'admin', 'Claim (ID: WDC-16638244806) noted by admin', NULL, NULL),
	(3008, 'ADMIN', 'UMSC', 'CLAIMS', 'VIEW', '127.0.0.1', NULL, NULL, NULL, NULL, 'admin', 'Get Claim search list.', NULL, NULL),
	(3009, 'ADMIN', 'SCSC', 'CLAIMS', 'UPDATE', '127.0.0.1', NULL, 'Task Code|Description|Status|Created Time|Last Updated Time|Last Updated User', 'WDC-16638244806', 'WDC-16638244806', 'admin', 'Claim (ID: WDC-16638244806) approved by admin', NULL, NULL),
	(3010, 'ADMIN', 'UMSC', 'CLAIMS', 'VIEW', '127.0.0.1', NULL, NULL, NULL, NULL, 'admin', 'Get Claim search list.', NULL, NULL),
	(3011, 'ADMIN', 'SCSC', 'CLAIMS', 'UPDATE', '127.0.0.1', NULL, 'Task Code|Description|Status|Created Time|Last Updated Time|Last Updated User', 'WDC-16638244806', 'WDC-16638244806', 'admin', 'Claim (ID: WDC-16638244806) rejected by admin', NULL, NULL),
	(3012, 'ADMIN', 'UMSC', 'CLAIMS', 'VIEW', '127.0.0.1', NULL, NULL, NULL, NULL, 'admin', 'Get Claim search list.', NULL, NULL),
	(3013, 'ADMIN', 'UMSC', 'CLAIMS', 'VIEW', '127.0.0.1', NULL, NULL, NULL, NULL, 'admin', 'Get Claim search list.', NULL, NULL),
	(3014, 'ADMIN', NULL, 'LGIN', 'LOGN', '127.0.0.1', 'Login successfully', NULL, NULL, NULL, 'admin', NULL, NULL, NULL),
	(3015, 'ADMIN', 'UMSC', 'CLAIMS', 'VIEW', '127.0.0.1', NULL, NULL, NULL, NULL, 'admin', 'Get Claim search list.', NULL, NULL),
	(3016, 'ADMIN', NULL, 'LGIN', 'LOGN', '127.0.0.1', 'Login successfully', NULL, NULL, NULL, 'admin', NULL, NULL, NULL),
	(3017, 'ADMIN', 'UMSC', 'CLAIMS', 'VIEW', '127.0.0.1', NULL, NULL, NULL, NULL, 'admin', 'Get Claim search list.', NULL, NULL),
	(3018, 'ADMIN', NULL, 'LGIN', 'LOGN', '127.0.0.1', 'Login successfully', NULL, NULL, NULL, 'admin', NULL, NULL, NULL),
	(3019, 'ADMIN', 'UMSC', 'CLAIMS', 'VIEW', '127.0.0.1', NULL, NULL, NULL, NULL, 'admin', 'Get Claim search list.', NULL, NULL),
	(3020, 'ADMIN', NULL, 'LGIN', 'LOGN', '127.0.0.1', 'Login successfully', NULL, NULL, NULL, 'admin', NULL, NULL, NULL),
	(3021, 'ADMIN', 'UMSC', 'CLAIMS', 'VIEW', '127.0.0.1', NULL, NULL, NULL, NULL, 'admin', 'Get Critical search list.', NULL, NULL),
	(3022, 'ADMIN', 'UMSC', 'CLAIMS', 'VIEW', '127.0.0.1', NULL, NULL, NULL, NULL, 'admin', 'Get Claim search list.', NULL, NULL),
	(3023, 'ADMIN', 'SCSC', 'CLAIMS', 'UPDATE', '127.0.0.1', NULL, 'Task Code|Description|Status|Created Time|Last Updated Time|Last Updated User', 'WDC-16638244806', 'WDC-16638244806', 'admin', 'Claim (ID: WDC-16638244806) approved by admin', NULL, NULL),
	(3024, 'ADMIN', 'UMSC', 'CLAIMS', 'VIEW', '127.0.0.1', NULL, NULL, NULL, NULL, 'admin', 'Get Claim search list.', NULL, NULL),
	(3025, 'ADMIN', 'UMSC', 'CLAIMS', 'VIEW', '127.0.0.1', NULL, NULL, NULL, NULL, 'admin', 'Get Critical search list.', NULL, NULL),
	(3026, 'ADMIN', 'UMSC', 'CLAIMS', 'VIEW', '127.0.0.1', NULL, NULL, NULL, NULL, 'admin', 'Get Critical search list.', NULL, NULL),
	(3027, 'ADMIN', 'UMSC', 'CLAIMS', 'VIEW', '127.0.0.1', NULL, NULL, NULL, NULL, 'admin', 'Get Critical search list.', NULL, NULL),
	(3028, 'ADMIN', 'UMSC', 'CLAIMS', 'VIEW', '127.0.0.1', NULL, NULL, NULL, NULL, 'admin', 'Get Claim search list.', NULL, NULL),
	(3029, 'ADMIN', NULL, 'LGIN', 'LOGN', '127.0.0.1', 'Login successfully', NULL, NULL, NULL, 'admin', NULL, NULL, NULL),
	(3030, 'ADMIN', 'UMSC', 'CLAIMS', 'VIEW', '127.0.0.1', NULL, NULL, NULL, NULL, 'admin', 'Get Claim search list.', NULL, NULL),
	(3031, 'ADMIN', 'SCSC', 'CLAIMS', 'UPDATE', '127.0.0.1', NULL, 'Task Code|Description|Status|Created Time|Last Updated Time|Last Updated User', 'WDC-16638244806', 'WDC-16638244806', 'admin', 'Claim (ID: WDC-16638244806) acknowledge by admin', NULL, NULL),
	(3032, 'ADMIN', 'UMSC', 'CLAIMS', 'VIEW', '127.0.0.1', NULL, NULL, NULL, NULL, 'admin', 'Get Claim search list.', NULL, NULL),
	(3033, 'ADMIN', NULL, 'LGIN', 'LOGN', '127.0.0.1', 'Login successfully', NULL, NULL, NULL, 'admin', NULL, NULL, NULL),
	(3034, 'ADMIN', 'UMSC', 'CLAIMS', 'VIEW', '127.0.0.1', NULL, NULL, NULL, NULL, 'admin', 'Get Claim search list.', NULL, NULL),
	(3035, 'ADMIN', 'UMSC', 'CLAIMS', 'VIEW', '127.0.0.1', NULL, NULL, NULL, NULL, 'admin', 'Get Claim search list.', NULL, NULL),
	(3036, 'ADMIN', NULL, 'LGIN', 'LOGN', '127.0.0.1', 'Login successfully', NULL, NULL, NULL, 'admin', NULL, NULL, NULL),
	(3037, 'ADMIN', 'UMSC', 'CLAIMS', 'VIEW', '127.0.0.1', NULL, NULL, NULL, NULL, 'admin', 'Get Claim search list.', NULL, NULL),
	(3038, 'ADMIN', 'UMSC', 'CLAIMS', 'VIEW', '127.0.0.1', NULL, NULL, NULL, NULL, 'admin', 'Get Claim search list.', NULL, NULL),
	(3039, 'ADMIN', NULL, 'LGIN', 'LOGN', '127.0.0.1', 'Login successfully', NULL, NULL, NULL, 'admin', NULL, NULL, NULL),
	(3040, 'ADMIN', 'UMSC', 'CLAIMS', 'VIEW', '127.0.0.1', NULL, NULL, NULL, NULL, 'admin', 'Get Claim search list.', NULL, NULL),
	(3041, 'ADMIN', NULL, 'LGIN', 'LOGN', '127.0.0.1', 'Login successfully', NULL, NULL, NULL, 'admin', NULL, NULL, NULL),
	(3042, 'ADMIN', 'UMSC', 'CLAIMS', 'VIEW', '127.0.0.1', NULL, NULL, NULL, NULL, 'admin', 'Get Claim search list.', NULL, NULL),
	(3043, 'ADMIN', 'UMSC', 'CLAIMS', 'VIEW', '127.0.0.1', NULL, NULL, NULL, NULL, 'admin', 'Get Claim search list.', NULL, NULL),
	(3044, 'ADMIN', NULL, 'LGIN', 'LOGN', '127.0.0.1', 'Login successfully', NULL, NULL, NULL, 'admin', NULL, NULL, NULL),
	(3045, 'ADMIN', 'UMSC', 'CLAIMS', 'VIEW', '127.0.0.1', NULL, NULL, NULL, NULL, 'admin', 'Get Claim search list.', NULL, NULL),
	(3046, 'ADMIN', 'UMSC', 'CLAIMS', 'VIEW', '127.0.0.1', NULL, NULL, NULL, NULL, 'admin', 'Get Claim search list.', NULL, NULL),
	(3047, 'ADMIN', NULL, 'LGIN', 'LOGN', '127.0.0.1', 'Login successfully', NULL, NULL, NULL, 'admin', NULL, NULL, NULL),
	(3048, 'ADMIN', 'UMSC', 'CLAIMS', 'VIEW', '127.0.0.1', NULL, NULL, NULL, NULL, 'admin', 'Get Claim search list.', NULL, NULL),
	(3049, 'ADMIN', 'UMSC', 'CLAIMS', 'VIEW', '127.0.0.1', NULL, NULL, NULL, NULL, 'admin', 'Get Claim search list.', NULL, NULL),
	(3050, 'ADMIN', NULL, 'LGIN', 'LOGN', '127.0.0.1', 'Login successfully', NULL, NULL, NULL, 'admin', NULL, NULL, NULL),
	(3051, 'ADMIN', 'UMSC', 'CLAIMS', 'VIEW', '127.0.0.1', NULL, NULL, NULL, NULL, 'admin', 'Get Critical search list.', NULL, NULL),
	(3052, 'ADMIN', 'UMSC', 'CLAIMS', 'VIEW', '127.0.0.1', NULL, NULL, NULL, NULL, 'admin', 'Get Claim search list.', NULL, NULL),
	(3053, 'ADMIN', 'UMSC', 'CLAIMS', 'VIEW', '127.0.0.1', NULL, NULL, NULL, NULL, 'admin', 'Get Claim search list.', NULL, NULL),
	(3054, 'ADMIN', NULL, 'LGIN', 'LOGN', '127.0.0.1', 'Login successfully', NULL, NULL, NULL, 'admin', NULL, NULL, NULL),
	(3055, 'ADMIN', 'UMSC', 'CLAIMS', 'VIEW', '127.0.0.1', NULL, NULL, NULL, NULL, 'admin', 'Get Claim search list.', NULL, NULL),
	(3056, 'ADMIN', 'UMSC', 'CLAIMS', 'VIEW', '127.0.0.1', NULL, NULL, NULL, NULL, 'admin', 'Get Claim search list.', NULL, NULL),
	(3057, 'ADMIN', NULL, 'LGIN', 'LOGN', '127.0.0.1', 'Login successfully', NULL, NULL, NULL, 'admin', NULL, NULL, NULL),
	(3058, 'ADMIN', 'UMSC', 'CLAIMS', 'VIEW', '127.0.0.1', NULL, NULL, NULL, NULL, 'admin', 'Get Claim search list.', NULL, NULL),
	(3059, 'ADMIN', 'UMSC', 'CLAIMS', 'VIEW', '127.0.0.1', NULL, NULL, NULL, NULL, 'admin', 'Get Claim search list.', NULL, NULL),
	(3060, 'ADMIN', 'UMSC', 'CLAIMS', 'VIEW', '127.0.0.1', NULL, NULL, NULL, NULL, 'admin', 'Get Claim search list.', NULL, NULL),
	(3061, 'ADMIN', NULL, 'LGIN', 'LOGN', '127.0.0.1', 'Login successfully', NULL, NULL, NULL, 'admin', NULL, NULL, NULL),
	(3062, 'ADMIN', NULL, 'LGIN', 'LOGN', '127.0.0.1', 'Login successfully', NULL, NULL, NULL, 'admin', NULL, NULL, NULL),
	(3063, 'ADMIN', NULL, 'LGIN', 'LOGN', '127.0.0.1', 'Login successfully', NULL, NULL, NULL, 'admin', NULL, NULL, NULL),
	(3064, 'ADMIN', NULL, 'LGIN', 'LOGN', '127.0.0.1', 'Login successfully', NULL, NULL, NULL, 'admin', NULL, NULL, NULL),
	(3065, 'ADMIN', NULL, 'LGIN', 'LOGN', '127.0.0.1', 'Login successfully', NULL, NULL, NULL, 'admin', NULL, NULL, NULL),
	(3066, 'ADMIN', NULL, 'LGIN', 'LOGN', '127.0.0.1', 'Login successfully', NULL, NULL, NULL, 'admin', NULL, NULL, NULL),
	(3067, 'ADMIN', NULL, 'LGIN', 'LOGN', '127.0.0.1', 'Login successfully', NULL, NULL, NULL, 'admin', NULL, NULL, NULL),
	(3068, 'ADMIN', NULL, 'LGIN', 'LOGN', '127.0.0.1', 'Login successfully', NULL, NULL, NULL, 'admin', NULL, NULL, NULL),
	(3069, 'ADMIN', NULL, 'LGIN', 'LOGN', '127.0.0.1', 'Login successfully', NULL, NULL, NULL, 'admin', NULL, NULL, NULL),
	(3070, 'ADMIN', NULL, 'LGIN', 'LOGN', '127.0.0.1', 'Login successfully', NULL, NULL, NULL, 'admin', NULL, NULL, NULL),
	(3071, 'ADMIN', NULL, 'LGIN', 'LOGN', '127.0.0.1', 'Login successfully', NULL, NULL, NULL, 'admin', NULL, NULL, NULL),
	(3072, 'ADMIN', NULL, 'LGIN', 'LOGN', '127.0.0.1', 'Login successfully', NULL, NULL, NULL, 'admin', NULL, NULL, NULL),
	(3073, 'ADMIN', NULL, 'LGIN', 'LOGN', '127.0.0.1', 'Login successfully', NULL, NULL, NULL, 'admin', NULL, NULL, NULL),
	(3074, 'ADMIN', NULL, 'LGIN', 'LOGN', '127.0.0.1', 'Login successfully', NULL, NULL, NULL, 'admin', NULL, NULL, NULL),
	(3075, 'ADMIN', NULL, 'LGIN', 'LOGN', '127.0.0.1', 'Login successfully', NULL, NULL, NULL, 'admin', NULL, NULL, NULL),
	(3076, 'ADMIN', NULL, 'LGIN', 'LOGN', '127.0.0.1', 'Login successfully', NULL, NULL, NULL, 'admin', NULL, NULL, NULL),
	(3077, 'ADMIN', NULL, 'LGIN', 'LOGN', '127.0.0.1', 'Login successfully', NULL, NULL, NULL, 'admin', NULL, NULL, NULL),
	(3078, 'ADMIN', NULL, 'LGIN', 'LOGN', '127.0.0.1', 'Login successfully', NULL, NULL, NULL, 'admin', NULL, NULL, NULL),
	(3079, 'ADMIN', NULL, 'LGIN', 'LOGN', '127.0.0.1', 'Login successfully', NULL, NULL, NULL, 'admin', NULL, NULL, NULL),
	(3080, 'ADMIN', NULL, 'LGIN', 'LOGN', '127.0.0.1', 'Login successfully', NULL, NULL, NULL, 'admin', NULL, NULL, NULL),
	(3081, 'ADMIN', NULL, 'LGIN', 'LOGN', '127.0.0.1', 'Login successfully', NULL, NULL, NULL, 'admin', NULL, NULL, NULL),
	(3082, 'ADMIN', NULL, 'LGIN', 'LOGN', '127.0.0.1', 'Login successfully', NULL, NULL, NULL, 'admin', NULL, NULL, NULL),
	(3083, 'ADMIN', NULL, 'LGIN', 'LOGN', '127.0.0.1', 'Login successfully', NULL, NULL, NULL, 'admin', NULL, NULL, NULL),
	(3084, 'ADMIN', NULL, 'LGIN', 'LOGN', '127.0.0.1', 'Login successfully', NULL, NULL, NULL, 'admin', NULL, NULL, NULL),
	(3085, 'ADMIN', NULL, 'LGIN', 'LOGN', '127.0.0.1', 'Login successfully', NULL, NULL, NULL, 'admin', NULL, NULL, NULL),
	(3086, 'ADMIN', NULL, 'LGIN', 'LOGN', '127.0.0.1', 'Login successfully', NULL, NULL, NULL, 'admin', NULL, NULL, NULL),
	(3087, 'ADMIN', NULL, 'LGIN', 'LOGN', '127.0.0.1', 'Login successfully', NULL, NULL, NULL, 'admin', NULL, NULL, NULL),
	(3088, 'ADMIN', NULL, 'LGIN', 'LOGN', '127.0.0.1', 'Login successfully', NULL, NULL, NULL, 'admin', NULL, NULL, NULL),
	(3089, 'ADMIN', NULL, 'LGIN', 'LOGN', '127.0.0.1', 'Login successfully', NULL, NULL, NULL, 'admin', NULL, NULL, NULL),
	(3090, 'ADMIN', NULL, 'LGIN', 'LOGN', '127.0.0.1', 'Login successfully', NULL, NULL, NULL, 'admin', NULL, NULL, NULL),
	(3091, 'ADMIN', NULL, 'LGIN', 'LOGN', '127.0.0.1', 'Login successfully', NULL, NULL, NULL, 'admin', NULL, NULL, NULL),
	(3092, 'ADMIN', NULL, 'LGIN', 'LOGN', '127.0.0.1', 'Login successfully', NULL, NULL, NULL, 'admin', NULL, NULL, NULL),
	(3093, 'ADMIN', NULL, 'LGIN', 'LOGN', '127.0.0.1', 'Login successfully', NULL, NULL, NULL, 'admin', NULL, NULL, NULL),
	(3094, 'ADMIN', NULL, 'LGIN', 'LOGN', '127.0.0.1', 'Login successfully', NULL, NULL, NULL, 'admin', NULL, NULL, NULL),
	(3095, 'ADMIN', NULL, 'LGIN', 'LOGN', '127.0.0.1', 'Login successfully', NULL, NULL, NULL, 'admin', NULL, NULL, NULL),
	(3096, 'ADMIN', NULL, 'LGIN', 'LOGN', '127.0.0.1', 'Login successfully', NULL, NULL, NULL, 'admin', NULL, NULL, NULL),
	(3097, 'ADMIN', NULL, 'LGIN', 'LOGN', '127.0.0.1', 'Login successfully', NULL, NULL, NULL, 'admin', NULL, NULL, NULL),
	(3098, 'ADMIN', NULL, 'LGIN', 'LOGN', '127.0.0.1', 'Login successfully', NULL, NULL, NULL, 'admin', NULL, NULL, NULL),
	(3099, 'ADMIN', NULL, 'LGIN', 'LOGN', '127.0.0.1', 'Login successfully', NULL, NULL, NULL, 'admin', NULL, NULL, NULL),
	(3100, 'ADMIN', NULL, 'LGIN', 'LOGN', '127.0.0.1', 'Login successfully', NULL, NULL, NULL, 'admin', NULL, NULL, NULL),
	(3101, 'ADMIN', NULL, 'LGIN', 'LOGN', '127.0.0.1', 'Login successfully', NULL, NULL, NULL, 'admin', NULL, NULL, NULL),
	(3102, 'ADMIN', NULL, 'LGIN', 'LOGN', '127.0.0.1', 'Login successfully', NULL, NULL, NULL, 'admin', NULL, NULL, NULL),
	(3103, 'ADMIN', NULL, 'LGIN', 'LOGN', '127.0.0.1', 'Login successfully', NULL, NULL, NULL, 'admin', NULL, NULL, NULL),
	(3104, 'ADMIN', NULL, 'LGIN', 'LOGN', '127.0.0.1', 'Login successfully', NULL, NULL, NULL, 'admin', NULL, NULL, NULL),
	(3105, 'ADMIN', NULL, 'LGIN', 'LOGN', '127.0.0.1', 'Login successfully', NULL, NULL, NULL, 'admin', NULL, NULL, NULL),
	(3106, 'ADMIN', NULL, 'LGIN', 'LOGN', '127.0.0.1', 'Login successfully', NULL, NULL, NULL, 'admin', NULL, NULL, NULL),
	(3107, 'ADMIN', NULL, 'LGIN', 'LOGN', '127.0.0.1', 'Login successfully', NULL, NULL, NULL, 'admin', NULL, NULL, NULL),
	(3108, 'ADMIN', NULL, 'LGIN', 'LOGN', '127.0.0.1', 'Login successfully', NULL, NULL, NULL, 'admin', NULL, NULL, NULL),
	(3109, 'ADMIN', NULL, 'LGIN', 'LOGN', '127.0.0.1', 'Login successfully', NULL, NULL, NULL, 'admin', NULL, NULL, NULL),
	(3110, 'ADMIN', NULL, 'LGIN', 'LOGN', '127.0.0.1', 'Login successfully', NULL, NULL, NULL, 'admin', NULL, NULL, NULL),
	(3111, 'ADMIN', NULL, 'LGIN', 'LOGN', '127.0.0.1', 'Login successfully', NULL, NULL, NULL, 'admin', NULL, NULL, NULL),
	(3112, 'ADMIN', NULL, 'LGIN', 'LOGN', '127.0.0.1', 'Login successfully', NULL, NULL, NULL, 'admin', NULL, NULL, NULL),
	(3113, 'ADMIN', NULL, 'LGIN', 'LOGN', '127.0.0.1', 'Login successfully', NULL, NULL, NULL, 'admin', NULL, NULL, NULL),
	(3114, 'ADMIN', NULL, 'LGIN', 'LOGN', '127.0.0.1', 'Login successfully', NULL, NULL, NULL, 'admin', NULL, NULL, NULL),
	(3115, 'ADMIN', NULL, 'LGIN', 'LOGN', '127.0.0.1', 'Login successfully', NULL, NULL, NULL, 'admin', NULL, NULL, NULL),
	(3116, 'ADMIN', NULL, 'LGIN', 'LOGN', '127.0.0.1', 'Login successfully', NULL, NULL, NULL, 'admin', NULL, NULL, NULL),
	(3117, 'ADMIN', NULL, 'LGIN', 'LOGN', '127.0.0.1', 'Login successfully', NULL, NULL, NULL, 'admin', NULL, NULL, NULL),
	(3118, 'ADMIN', NULL, 'LGIN', 'LOGN', '127.0.0.1', 'Login successfully', NULL, NULL, NULL, 'admin', NULL, NULL, NULL),
	(3119, 'ADMIN', NULL, 'LGIN', 'LOGN', '127.0.0.1', 'Login successfully', NULL, NULL, NULL, 'admin', NULL, NULL, NULL),
	(3120, 'ADMIN', NULL, 'LGIN', 'LOGN', '127.0.0.1', 'Login successfully', NULL, NULL, NULL, 'admin', NULL, NULL, NULL),
	(3121, 'ADMIN', NULL, 'LGIN', 'LOGN', '127.0.0.1', 'Login successfully', NULL, NULL, NULL, 'admin', NULL, NULL, NULL),
	(3122, 'ADMIN', NULL, 'LGIN', 'LOGN', '127.0.0.1', 'Login successfully', NULL, NULL, NULL, 'admin', NULL, NULL, NULL),
	(3123, 'ADMIN', NULL, 'LGIN', 'LOGN', '127.0.0.1', 'Login successfully', NULL, NULL, NULL, 'admin', NULL, NULL, NULL),
	(3124, 'ADMIN', NULL, 'LGIN', 'LOGN', '127.0.0.1', 'Login successfully', NULL, NULL, NULL, 'admin', NULL, NULL, NULL),
	(3125, 'ADMIN', NULL, 'LGIN', 'LOGN', '127.0.0.1', 'Login successfully', NULL, NULL, NULL, 'admin', NULL, NULL, NULL),
	(3126, 'ADMIN', NULL, 'LGIN', 'LOGN', '127.0.0.1', 'Login successfully', NULL, NULL, NULL, 'admin', NULL, NULL, NULL),
	(3127, 'ADMIN', NULL, 'LGIN', 'LOGN', '127.0.0.1', 'Login successfully', NULL, NULL, NULL, 'admin', NULL, NULL, NULL),
	(3128, 'ADMIN', NULL, 'LGIN', 'LOGN', '127.0.0.1', 'Login successfully', NULL, NULL, NULL, 'admin', NULL, NULL, NULL),
	(3129, 'ADMIN', NULL, 'LGIN', 'LOGN', '127.0.0.1', 'Login successfully', NULL, NULL, NULL, 'admin', NULL, NULL, NULL),
	(3130, 'ADMIN', NULL, 'LGIN', 'LOGN', '127.0.0.1', 'Login successfully', NULL, NULL, NULL, 'admin', NULL, NULL, NULL),
	(3131, 'ADMIN', NULL, 'LGIN', 'LOGN', '127.0.0.1', 'Login successfully', NULL, NULL, NULL, 'admin', NULL, NULL, NULL),
	(3132, 'ADMIN', NULL, 'LGIN', 'LOGN', '127.0.0.1', 'Login successfully', NULL, NULL, NULL, 'admin', NULL, NULL, NULL),
	(3133, 'ADMIN', NULL, 'LGIN', 'LOGN', '127.0.0.1', 'Login successfully', NULL, NULL, NULL, 'admin', NULL, NULL, NULL),
	(3134, 'ADMIN', NULL, 'LGIN', 'LOGN', '127.0.0.1', 'Login successfully', NULL, NULL, NULL, 'admin', NULL, NULL, NULL),
	(3135, 'ADMIN', NULL, 'LGIN', 'LOGN', '127.0.0.1', 'Login successfully', NULL, NULL, NULL, 'admin', NULL, NULL, NULL),
	(3136, 'ADMIN', NULL, 'LGIN', 'LOGN', '127.0.0.1', 'Login successfully', NULL, NULL, NULL, 'admin', NULL, NULL, NULL),
	(3137, 'ADMIN', NULL, 'LGIN', 'LOGN', '127.0.0.1', 'Login successfully', NULL, NULL, NULL, 'admin', NULL, NULL, NULL),
	(3138, 'ADMIN', NULL, 'LGIN', 'LOGN', '127.0.0.1', 'Login successfully', NULL, NULL, NULL, 'admin', NULL, NULL, NULL),
	(3139, 'ADMIN', NULL, 'LGIN', 'LOGN', '127.0.0.1', 'Login successfully', NULL, NULL, NULL, 'admin', NULL, NULL, NULL),
	(3140, 'ADMIN', NULL, 'LGIN', 'LOGN', '127.0.0.1', 'Login successfully', NULL, NULL, NULL, 'admin', NULL, NULL, NULL),
	(3141, 'ADMIN', NULL, 'LGIN', 'LOGN', '127.0.0.1', 'Login successfully', NULL, NULL, NULL, 'admin', NULL, NULL, NULL),
	(3142, 'ADMIN', NULL, 'LGIN', 'LOGN', '127.0.0.1', 'Login successfully', NULL, NULL, NULL, 'admin', NULL, NULL, NULL),
	(3143, 'ADMIN', NULL, 'LGIN', 'LOGN', '127.0.0.1', 'Login successfully', NULL, NULL, NULL, 'admin', NULL, NULL, NULL),
	(3144, 'ADMIN', NULL, 'LGIN', 'LOGN', '127.0.0.1', 'Login successfully', NULL, NULL, NULL, 'admin', NULL, NULL, NULL),
	(3145, 'ADMIN', NULL, 'LGIN', 'LOGN', '127.0.0.1', 'Login successfully', NULL, NULL, NULL, 'admin', NULL, NULL, NULL),
	(3146, 'ADMIN', NULL, 'LGIN', 'LOGN', '127.0.0.1', 'Login successfully', NULL, NULL, NULL, 'admin', NULL, NULL, NULL),
	(3147, 'ADMIN', NULL, 'LGIN', 'LOGN', '127.0.0.1', 'Login successfully', NULL, NULL, NULL, 'admin', NULL, NULL, NULL),
	(3148, 'ADMIN', NULL, 'LGIN', 'LOGN', '127.0.0.1', 'Login successfully', NULL, NULL, NULL, 'admin', NULL, NULL, NULL),
	(3149, 'ADMIN', NULL, 'LGIN', 'LOGN', '127.0.0.1', 'Login successfully', NULL, NULL, NULL, 'admin', NULL, NULL, NULL),
	(3150, 'ADMIN', NULL, 'LGIN', 'LOGN', '127.0.0.1', 'Login successfully', NULL, NULL, NULL, 'admin', NULL, NULL, NULL),
	(3151, 'ADMIN', NULL, 'LGIN', 'LOGN', '127.0.0.1', 'Login successfully', NULL, NULL, NULL, 'admin', NULL, NULL, NULL),
	(3152, 'ADMIN', NULL, 'LGIN', 'LOGN', '127.0.0.1', 'Login successfully', NULL, NULL, NULL, 'admin', NULL, NULL, NULL),
	(3153, 'ADMIN', NULL, 'LGIN', 'LOGN', '127.0.0.1', 'Login successfully', NULL, NULL, NULL, 'admin', NULL, NULL, NULL),
	(3154, 'ADMIN', NULL, 'LGIN', 'LOGN', '127.0.0.1', 'Login successfully', NULL, NULL, NULL, 'admin', NULL, NULL, NULL),
	(3155, 'ADMIN', NULL, 'LGIN', 'LOGN', '127.0.0.1', 'Login successfully', NULL, NULL, NULL, 'admin', NULL, NULL, NULL),
	(3156, 'ADMIN', NULL, 'LGIN', 'LOGN', '127.0.0.1', 'Login successfully', NULL, NULL, NULL, 'admin', NULL, NULL, NULL),
	(3157, 'ADMIN', NULL, 'LGIN', 'LOGN', '127.0.0.1', 'Login successfully', NULL, NULL, NULL, 'admin', NULL, NULL, NULL),
	(3158, 'ADMIN', NULL, 'LGIN', 'LOGN', '127.0.0.1', 'Login successfully', NULL, NULL, NULL, 'admin', NULL, NULL, NULL),
	(3159, 'ADMIN', NULL, 'LGIN', 'LOGN', '127.0.0.1', 'Login successfully', NULL, NULL, NULL, 'admin', NULL, NULL, NULL),
	(3160, 'ADMIN', NULL, 'LGIN', 'LOGN', '127.0.0.1', 'Login successfully', NULL, NULL, NULL, 'admin', NULL, NULL, NULL),
	(3161, 'ADMIN', NULL, 'LGIN', 'LOGN', '127.0.0.1', 'Login successfully', NULL, NULL, NULL, 'admin', NULL, NULL, NULL),
	(3162, 'ADMIN', NULL, 'LGIN', 'LOGN', '127.0.0.1', 'Login successfully', NULL, NULL, NULL, 'admin', NULL, NULL, NULL),
	(3163, 'ADMIN', NULL, 'LGIN', 'LOGN', '127.0.0.1', 'Login successfully', NULL, NULL, NULL, 'admin', NULL, NULL, NULL),
	(3164, 'ADMIN', NULL, 'LGIN', 'LOGN', '127.0.0.1', 'Login successfully', NULL, NULL, NULL, 'admin', NULL, NULL, NULL),
	(3165, 'ADMIN', NULL, 'LGIN', 'LOGN', '127.0.0.1', 'Login successfully', NULL, NULL, NULL, 'admin', NULL, NULL, NULL),
	(3166, 'ADMIN', NULL, 'LGIN', 'LOGN', '127.0.0.1', 'Login successfully', NULL, NULL, NULL, 'admin', NULL, NULL, NULL),
	(3167, 'ADMIN', NULL, 'LGIN', 'LOGN', '127.0.0.1', 'Login successfully', NULL, NULL, NULL, 'admin', NULL, NULL, NULL),
	(3168, 'ADMIN', NULL, 'LGIN', 'LOGN', '127.0.0.1', 'Login successfully', NULL, NULL, NULL, 'admin', NULL, NULL, NULL),
	(3169, 'ADMIN', NULL, 'LGIN', 'LOGN', '127.0.0.1', 'Login successfully', NULL, NULL, NULL, 'admin', NULL, NULL, NULL),
	(3170, 'ADMIN', NULL, 'LGIN', 'LOGN', '127.0.0.1', 'Login successfully', NULL, NULL, NULL, 'admin', NULL, NULL, NULL),
	(3171, 'ADMIN', NULL, 'LGIN', 'LOGN', '127.0.0.1', 'Login successfully', NULL, NULL, NULL, 'admin', NULL, NULL, NULL),
	(3172, 'ADMIN', NULL, 'LGIN', 'LOGN', '127.0.0.1', 'Login successfully', NULL, NULL, NULL, 'admin', NULL, NULL, NULL),
	(3173, 'ADMIN', NULL, 'LGIN', 'LOGN', '127.0.0.1', 'Login successfully', NULL, NULL, NULL, 'admin', NULL, NULL, NULL),
	(3174, 'ADMIN', NULL, 'LGIN', 'LOGN', '127.0.0.1', 'Login successfully', NULL, NULL, NULL, 'admin', NULL, NULL, NULL),
	(3175, 'ADMIN', NULL, 'LGIN', 'LOGN', '127.0.0.1', 'Login successfully', NULL, NULL, NULL, 'admin', NULL, NULL, NULL),
	(3176, 'ADMIN', NULL, 'LGIN', 'LOGN', '127.0.0.1', 'Login successfully', NULL, NULL, NULL, 'admin', NULL, NULL, NULL),
	(3177, 'ADMIN', NULL, 'LGIN', 'LOGN', '127.0.0.1', 'Login successfully', NULL, NULL, NULL, 'admin', NULL, NULL, NULL),
	(3178, 'ADMIN', NULL, 'LGIN', 'LOGN', '127.0.0.1', 'Login successfully', NULL, NULL, NULL, 'admin', NULL, NULL, NULL),
	(3179, 'ADMIN', NULL, 'LGIN', 'LOGN', '127.0.0.1', 'Login successfully', NULL, NULL, NULL, 'admin', NULL, NULL, NULL),
	(3180, 'ADMIN', NULL, 'LGIN', 'LOGN', '127.0.0.1', 'Login successfully', NULL, NULL, NULL, 'admin', NULL, NULL, NULL),
	(3181, 'ADMIN', NULL, 'LGIN', 'LOGN', '127.0.0.1', 'Login successfully', NULL, NULL, NULL, 'admin', NULL, NULL, NULL),
	(3182, 'ADMIN', NULL, 'LGIN', 'LOGN', '127.0.0.1', 'Login successfully', NULL, NULL, NULL, 'admin', NULL, NULL, NULL),
	(3183, 'ADMIN', NULL, 'LGIN', 'LOGN', '127.0.0.1', 'Login successfully', NULL, NULL, NULL, 'admin', NULL, NULL, NULL),
	(3184, 'ADMIN', NULL, 'LGIN', 'LOGN', '127.0.0.1', 'Login successfully', NULL, NULL, NULL, 'admin', NULL, NULL, NULL),
	(3185, 'ADMIN', NULL, 'LGIN', 'LOGN', '127.0.0.1', 'Login successfully', NULL, NULL, NULL, 'admin', NULL, NULL, NULL),
	(3186, 'ADMIN', NULL, 'LGIN', 'LOGN', '127.0.0.1', 'Login successfully', NULL, NULL, NULL, 'admin', NULL, NULL, NULL),
	(3187, 'ADMIN', NULL, 'LGIN', 'LOGN', '127.0.0.1', 'Login successfully', NULL, NULL, NULL, 'admin', NULL, NULL, NULL),
	(3188, 'ADMIN', NULL, 'LGIN', 'LOGN', '127.0.0.1', 'Login successfully', NULL, NULL, NULL, 'admin', NULL, NULL, NULL),
	(3189, 'ADMIN', NULL, 'LGIN', 'LOGN', '127.0.0.1', 'Login successfully', NULL, NULL, NULL, 'admin', NULL, NULL, NULL),
	(3190, 'ADMIN', NULL, 'LGIN', 'LOGN', '127.0.0.1', 'Login successfully', NULL, NULL, NULL, 'admin', NULL, NULL, NULL),
	(3191, 'ADMIN', NULL, 'LGIN', 'LOGN', '127.0.0.1', 'Login successfully', NULL, NULL, NULL, 'admin', NULL, NULL, NULL),
	(3192, 'ADMIN', NULL, 'LGIN', 'LOGN', '127.0.0.1', 'Login successfully', NULL, NULL, NULL, 'admin', NULL, NULL, NULL),
	(3193, 'ADMIN', NULL, 'LGIN', 'LOGN', '127.0.0.1', 'Login successfully', NULL, NULL, NULL, 'admin', NULL, NULL, NULL),
	(3194, 'ADMIN', NULL, 'LGIN', 'LOGN', '127.0.0.1', 'Login successfully', NULL, NULL, NULL, 'admin', NULL, NULL, NULL),
	(3195, 'ADMIN', NULL, 'LGIN', 'LOGN', '127.0.0.1', 'Login successfully', NULL, NULL, NULL, 'admin', NULL, NULL, NULL),
	(3196, 'ADMIN', NULL, 'LGIN', 'LOGN', '127.0.0.1', 'Login successfully', NULL, NULL, NULL, 'admin', NULL, NULL, NULL),
	(3197, 'ADMIN', NULL, 'LGIN', 'LOGN', '127.0.0.1', 'Login successfully', NULL, NULL, NULL, 'admin', NULL, NULL, NULL),
	(3198, 'ADMIN', NULL, 'LGIN', 'LOGN', '127.0.0.1', 'Login successfully', NULL, NULL, NULL, 'admin', NULL, NULL, NULL),
	(3199, 'ADMIN', NULL, 'LGIN', 'LOGN', '127.0.0.1', 'Login successfully', NULL, NULL, NULL, 'admin', NULL, NULL, NULL),
	(3200, 'ADMIN', NULL, 'LGIN', 'LOGN', '127.0.0.1', 'Login successfully', NULL, NULL, NULL, 'admin', NULL, NULL, NULL),
	(3201, 'ADMIN', NULL, 'LGIN', 'LOGN', '127.0.0.1', 'Login successfully', NULL, NULL, NULL, 'admin', NULL, NULL, NULL),
	(3202, 'ADMIN', NULL, 'LGIN', 'LOGN', '127.0.0.1', 'Login successfully', NULL, NULL, NULL, 'admin', NULL, NULL, NULL),
	(3203, 'ADMIN', NULL, 'LGIN', 'LOGN', '127.0.0.1', 'Login successfully', NULL, NULL, NULL, 'admin', NULL, NULL, NULL),
	(3204, 'ADMIN', NULL, 'LGIN', 'LOGN', '127.0.0.1', 'Login successfully', NULL, NULL, NULL, 'admin', NULL, NULL, NULL),
	(3205, 'ADMIN', NULL, 'LGIN', 'LOGN', '127.0.0.1', 'Login successfully', NULL, NULL, NULL, 'admin', NULL, NULL, NULL),
	(3206, 'ADMIN', NULL, 'LGIN', 'LOGN', '127.0.0.1', 'Login successfully', NULL, NULL, NULL, 'admin', NULL, NULL, NULL),
	(3207, 'ADMIN', NULL, 'LGIN', 'LOGN', '127.0.0.1', 'Login successfully', NULL, NULL, NULL, 'admin', NULL, NULL, NULL),
	(3208, 'ADMIN', NULL, 'LGIN', 'LOGN', '127.0.0.1', 'Login successfully', NULL, NULL, NULL, 'admin', NULL, NULL, NULL),
	(3209, 'ADMIN', NULL, 'LGIN', 'LOGN', '127.0.0.1', 'Login successfully', NULL, NULL, NULL, 'admin', NULL, NULL, NULL),
	(3210, 'ADMIN', NULL, 'LGIN', 'LOGN', '127.0.0.1', 'Login successfully', NULL, NULL, NULL, 'admin', NULL, NULL, NULL),
	(3211, 'ADMIN', NULL, 'LGIN', 'LOGN', '127.0.0.1', 'Login successfully', NULL, NULL, NULL, 'admin', NULL, NULL, NULL),
	(3212, 'ADMIN', NULL, 'LGIN', 'LOGN', '127.0.0.1', 'Login successfully', NULL, NULL, NULL, 'admin', NULL, NULL, NULL),
	(3213, 'ADMIN', NULL, 'LGIN', 'LOGN', '127.0.0.1', 'Login successfully', NULL, NULL, NULL, 'admin', NULL, NULL, NULL),
	(3214, 'ADMIN', NULL, 'LGIN', 'LOGN', '127.0.0.1', 'Login successfully', NULL, NULL, NULL, 'admin', NULL, NULL, NULL),
	(3215, 'ADMIN', NULL, 'LGIN', 'LOGN', '127.0.0.1', 'Login successfully', NULL, NULL, NULL, 'admin', NULL, NULL, NULL),
	(3216, 'ADMIN', NULL, 'LGIN', 'LOGN', '127.0.0.1', 'Login successfully', NULL, NULL, NULL, 'admin', NULL, NULL, NULL),
	(3217, 'ADMIN', NULL, 'LGIN', 'LOGN', '127.0.0.1', 'Login successfully', NULL, NULL, NULL, 'admin', NULL, NULL, NULL),
	(3218, 'ADMIN', NULL, 'LGIN', 'LOGN', '127.0.0.1', 'Login successfully', NULL, NULL, NULL, 'admin', NULL, NULL, NULL),
	(3219, 'ADMIN', NULL, 'LGIN', 'LOGN', '127.0.0.1', 'Login successfully', NULL, NULL, NULL, 'admin', NULL, NULL, NULL),
	(3220, 'ADMIN', NULL, 'LGIN', 'LOGN', '127.0.0.1', 'Login successfully', NULL, NULL, NULL, 'admin', NULL, NULL, NULL),
	(3221, 'ADMIN', NULL, 'LGIN', 'LOGN', '127.0.0.1', 'Login successfully', NULL, NULL, NULL, 'admin', NULL, NULL, NULL),
	(3222, 'ADMIN', NULL, 'LGIN', 'LOGN', '127.0.0.1', 'Login successfully', NULL, NULL, NULL, 'admin', NULL, NULL, NULL),
	(3223, 'ADMIN', NULL, 'LGIN', 'LOGN', '127.0.0.1', 'Login successfully', NULL, NULL, NULL, 'admin', NULL, NULL, NULL),
	(3224, 'ADMIN', NULL, 'LGIN', 'LOGN', '127.0.0.1', 'Login successfully', NULL, NULL, NULL, 'admin', NULL, NULL, NULL),
	(3225, 'ADMIN', NULL, 'LGIN', 'LOGN', '127.0.0.1', 'Login successfully', NULL, NULL, NULL, 'admin', NULL, NULL, NULL),
	(3226, 'ADMIN', NULL, 'LGIN', 'LOGN', '127.0.0.1', 'Login successfully', NULL, NULL, NULL, 'admin', NULL, NULL, NULL),
	(3227, 'ADMIN', NULL, 'LGIN', 'LOGN', '127.0.0.1', 'Login successfully', NULL, NULL, NULL, 'admin', NULL, NULL, NULL),
	(3228, 'ADMIN', NULL, 'LGIN', 'LOGN', '127.0.0.1', 'Login successfully', NULL, NULL, NULL, 'admin', NULL, NULL, NULL),
	(3229, 'ADMIN', NULL, 'LGIN', 'LOGN', '127.0.0.1', 'Login successfully', NULL, NULL, NULL, 'admin', NULL, NULL, NULL),
	(3230, 'ADMIN', NULL, 'LGIN', 'LOGN', '127.0.0.1', 'Login successfully', NULL, NULL, NULL, 'admin', NULL, NULL, NULL),
	(3231, 'ADMIN', NULL, 'LGIN', 'LOGN', '127.0.0.1', 'Login successfully', NULL, NULL, NULL, 'admin', NULL, NULL, NULL),
	(3232, 'ADMIN', NULL, 'LGIN', 'LOGN', '127.0.0.1', 'Login successfully', NULL, NULL, NULL, 'admin', NULL, NULL, NULL),
	(3233, 'ADMIN', NULL, 'LGIN', 'LOGN', '127.0.0.1', 'Login successfully', NULL, NULL, NULL, 'admin', NULL, NULL, NULL),
	(3234, 'ADMIN', 'UMSC', 'CLAIMS', 'VIEW', '127.0.0.1', NULL, NULL, NULL, NULL, 'admin', 'Get Claim search list.', NULL, NULL),
	(3235, 'ADMIN', NULL, 'LGIN', 'LOGN', '127.0.0.1', 'Login successfully', NULL, NULL, NULL, 'admin', NULL, NULL, NULL),
	(3236, 'ADMIN', NULL, 'LGIN', 'LOGN', '127.0.0.1', 'Login successfully', NULL, NULL, NULL, 'admin', NULL, NULL, NULL),
	(3237, 'ADMIN', NULL, 'LGIN', 'LOGN', '127.0.0.1', 'Login successfully', NULL, NULL, NULL, 'admin', NULL, NULL, NULL),
	(3238, 'ADMIN', NULL, 'LGIN', 'LOGN', '127.0.0.1', 'Login successfully', NULL, NULL, NULL, 'admin', NULL, NULL, NULL),
	(3239, 'ADMIN', NULL, 'LGIN', 'LOGN', '127.0.0.1', 'Login successfully', NULL, NULL, NULL, 'admin', NULL, NULL, NULL),
	(3240, 'ADMIN', NULL, 'LGIN', 'LOGN', '127.0.0.1', 'Login successfully', NULL, NULL, NULL, 'admin', NULL, NULL, NULL),
	(3241, 'ADMIN', NULL, 'LGIN', 'LOGN', '127.0.0.1', 'Login successfully', NULL, NULL, NULL, 'admin', NULL, NULL, NULL),
	(3242, 'ADMIN', NULL, 'LGIN', 'LOGN', '127.0.0.1', 'Login successfully', NULL, NULL, NULL, 'admin', NULL, NULL, NULL),
	(3243, 'ADMIN', NULL, 'LGIN', 'LOGN', '127.0.0.1', 'Login successfully', NULL, NULL, NULL, 'admin', NULL, NULL, NULL),
	(3244, 'ADMIN', 'UMSC', 'CLAIMS', 'VIEW', '127.0.0.1', NULL, NULL, NULL, NULL, 'admin', 'Get Claim search list.', NULL, NULL),
	(3245, 'ADMIN', 'SCSC', 'PWPM', 'VIEW', '127.0.0.1', NULL, NULL, NULL, NULL, 'admin', 'Get password policy search list.', NULL, NULL),
	(3246, 'ADMIN', 'UMSC', 'CLAIMS', 'VIEW', '127.0.0.1', NULL, NULL, NULL, NULL, 'admin', 'Get Claim search list.', NULL, NULL),
	(3247, 'ADMIN', NULL, 'LGIN', 'LOGN', '127.0.0.1', 'Login successfully', NULL, NULL, NULL, 'admin', NULL, NULL, NULL),
	(3248, 'ADMIN', 'UMSC', 'CLAIMS', 'VIEW', '127.0.0.1', NULL, NULL, NULL, NULL, 'admin', 'Get Critical search list.', NULL, NULL),
	(3249, 'ADMIN', 'UMSC', 'CLAIMS', 'VIEW', '127.0.0.1', NULL, NULL, NULL, NULL, 'admin', 'Get Claim search list.', NULL, NULL),
	(3250, 'ADMIN', NULL, 'LGIN', 'LOGN', '127.0.0.1', 'Login successfully', NULL, NULL, NULL, 'admin', NULL, NULL, NULL),
	(3251, 'ADMIN', NULL, 'LGIN', 'LOGN', '127.0.0.1', 'Login successfully', NULL, NULL, NULL, 'admin', NULL, NULL, NULL),
	(3252, 'ADMIN', 'UMSC', 'CLAIMS', 'VIEW', '127.0.0.1', NULL, NULL, NULL, NULL, 'admin', 'Get Claim search list.', NULL, NULL),
	(3253, 'ADMIN', 'UMSC', 'CLAIMS', 'VIEW', '127.0.0.1', NULL, NULL, NULL, NULL, 'admin', 'Get Critical search list.', NULL, NULL),
	(3254, 'ADMIN', 'UMSC', 'CLAIMS', 'VIEW', '127.0.0.1', NULL, NULL, NULL, NULL, 'admin', 'Get Critical search list.', NULL, NULL),
	(3255, 'ADMIN', 'SCSC', 'SUPPLIER', 'VIEW', '127.0.0.1', NULL, NULL, NULL, NULL, 'admin', 'Get supplier search list.', NULL, NULL),
	(3256, 'ADMIN', 'UMSC', 'CLAIMS', 'VIEW', '127.0.0.1', NULL, NULL, NULL, NULL, 'admin', 'Get Critical search list.', NULL, NULL),
	(3257, 'ADMIN', 'UMSC', 'CLAIMS', 'VIEW', '127.0.0.1', NULL, NULL, NULL, NULL, 'admin', 'Get Critical search list.', NULL, NULL),
	(3258, 'ADMIN', NULL, 'LGIN', 'LOGN', '127.0.0.1', 'Login successfully', NULL, NULL, NULL, 'admin', NULL, NULL, NULL),
	(3259, 'ADMIN', NULL, 'LGIN', 'LOGN', '127.0.0.1', 'Login successfully', NULL, NULL, NULL, 'admin', NULL, NULL, NULL),
	(3260, 'ADMIN', 'UMSC', 'CLAIMS', 'VIEW', '127.0.0.1', NULL, NULL, NULL, NULL, 'admin', 'Get Critical search list.', NULL, NULL),
	(3261, 'ADMIN', 'UMSC', 'CLAIMS', 'VIEW', '127.0.0.1', NULL, NULL, NULL, NULL, 'admin', 'Get Critical search list.', NULL, NULL),
	(3262, 'ADMIN', NULL, 'LGIN', 'LOGN', '127.0.0.1', 'Login successfully', NULL, NULL, NULL, 'admin', NULL, NULL, NULL),
	(3263, 'ADMIN', 'UMSC', 'CLAIMS', 'VIEW', '127.0.0.1', NULL, NULL, NULL, NULL, 'admin', 'Get Critical search list.', NULL, NULL),
	(3264, 'ADMIN', NULL, 'LGIN', 'LOGN', '127.0.0.1', 'Login successfully', NULL, NULL, NULL, 'admin', NULL, NULL, NULL),
	(3265, 'ADMIN', 'UMSC', 'CLAIMS', 'VIEW', '127.0.0.1', NULL, NULL, NULL, NULL, 'admin', 'Get Critical search list.', NULL, NULL),
	(3266, 'ADMIN', NULL, 'LGIN', 'LOGN', '127.0.0.1', 'Login successfully', NULL, NULL, NULL, 'admin', NULL, NULL, NULL),
	(3267, 'ADMIN', NULL, 'LGIN', 'LOGN', '127.0.0.1', 'Login successfully', NULL, NULL, NULL, 'admin', NULL, NULL, NULL),
	(3268, 'ADMIN', 'UMSC', 'CLAIMS', 'VIEW', '127.0.0.1', NULL, NULL, NULL, NULL, 'admin', 'Get Critical search list.', NULL, NULL),
	(3269, 'ADMIN', NULL, 'LGIN', 'LOGN', '127.0.0.1', 'Login successfully', NULL, NULL, NULL, 'admin', NULL, NULL, NULL),
	(3270, 'ADMIN', 'UMSC', 'CLAIMS', 'VIEW', '127.0.0.1', NULL, NULL, NULL, NULL, 'admin', 'Get Critical search list.', NULL, NULL),
	(3271, 'ADMIN', NULL, 'LGIN', 'LOGN', '127.0.0.1', 'Login successfully', NULL, NULL, NULL, 'admin', NULL, NULL, NULL),
	(3272, 'ADMIN', 'UMSC', 'CLAIMS', 'VIEW', '127.0.0.1', NULL, NULL, NULL, NULL, 'admin', 'Get Critical search list.', NULL, NULL),
	(3273, 'ADMIN', NULL, 'LGIN', 'LOGN', '127.0.0.1', 'Login successfully', NULL, NULL, NULL, 'admin', NULL, NULL, NULL),
	(3274, 'ADMIN', 'UMSC', 'CLAIMS', 'VIEW', '127.0.0.1', NULL, NULL, NULL, NULL, 'admin', 'Get Critical search list.', NULL, NULL),
	(3275, 'ADMIN', NULL, 'LGIN', 'LOGN', '127.0.0.1', 'Login successfully', NULL, NULL, NULL, 'admin', NULL, NULL, NULL),
	(3276, 'ADMIN', NULL, 'LGIN', 'LOGN', '127.0.0.1', 'Login successfully', NULL, NULL, NULL, 'admin', NULL, NULL, NULL),
	(3277, 'ADMIN', NULL, 'LGIN', 'LOGN', '127.0.0.1', 'Login successfully', NULL, NULL, NULL, 'admin', NULL, NULL, NULL),
	(3278, 'ADMIN', NULL, 'LGIN', 'LOGN', '127.0.0.1', 'Login successfully', NULL, NULL, NULL, 'admin', NULL, NULL, NULL),
	(3279, 'ADMIN', NULL, 'LGIN', 'LOGN', '127.0.0.1', 'Login successfully', NULL, NULL, NULL, 'admin', NULL, NULL, NULL),
	(3280, 'ADMIN', NULL, 'LGIN', 'LOGN', '127.0.0.1', 'Login successfully', NULL, NULL, NULL, 'admin', NULL, NULL, NULL),
	(3281, 'ADMIN', NULL, 'LGIN', 'LOGN', '127.0.0.1', 'Login successfully', NULL, NULL, NULL, 'admin', NULL, NULL, NULL),
	(3282, 'ADMIN', NULL, 'LGIN', 'LOGN', '127.0.0.1', 'Login successfully', NULL, NULL, NULL, 'admin', NULL, NULL, NULL),
	(3283, 'ADMIN', 'UMSC', 'CLAIMS', 'VIEW', '127.0.0.1', NULL, NULL, NULL, NULL, 'admin', 'Get Claim search list.', NULL, NULL),
	(3284, 'ADMIN', 'UMSC', 'CLAIMS', 'VIEW', '127.0.0.1', NULL, NULL, NULL, NULL, 'admin', 'Get Claim search list.', NULL, NULL),
	(3285, 'ADMIN', NULL, 'LGIN', 'LOGN', '127.0.0.1', 'Login successfully', NULL, NULL, NULL, 'admin', NULL, NULL, NULL),
	(3286, 'ADMIN', 'UMSC', 'CLAIMS', 'VIEW', '127.0.0.1', NULL, NULL, NULL, NULL, 'admin', 'Get Claim search list.', NULL, NULL),
	(3287, 'ADMIN', 'SCSC', 'CLAIMS', 'UPDATE', '127.0.0.1', NULL, 'Task Code|Description|Status|Created Time|Last Updated Time|Last Updated User', 'WDC-20220922164327', 'WDC-20220922164327', 'admin', 'Claim (ID: WDC-20220922164327) approved by admin', NULL, NULL),
	(3288, 'ADMIN', 'UMSC', 'CLAIMS', 'VIEW', '127.0.0.1', NULL, NULL, NULL, NULL, 'admin', 'Get Claim search list.', NULL, NULL),
	(3289, 'ADMIN', NULL, 'LGIN', 'LOGN', '127.0.0.1', 'Login successfully', NULL, NULL, NULL, 'admin', NULL, NULL, NULL),
	(3290, 'ADMIN', 'UMSC', 'CLAIMS', 'VIEW', '127.0.0.1', NULL, NULL, NULL, NULL, 'admin', 'Get Claim search list.', NULL, NULL),
	(3291, 'ADMIN', 'UMSC', 'CLAIMS', 'VIEW', '127.0.0.1', NULL, NULL, NULL, NULL, 'admin', 'Get Critical search list.', NULL, NULL),
	(3292, 'ADMIN', 'SCSC', 'CLAIMS', 'UPDATE', '127.0.0.1', NULL, 'Task Code|Description|Status|Created Time|Last Updated Time|Last Updated User', 'WDC-20220922164327', 'WDC-20220922164327', 'admin', 'Claim (ID: WDC-20220922164327) updated by admin', NULL, NULL),
	(3293, 'ADMIN', 'UMSC', 'CLAIMS', 'VIEW', '127.0.0.1', NULL, NULL, NULL, NULL, 'admin', 'Get Critical search list.', NULL, NULL),
	(3294, 'ADMIN', 'UMSC', 'CLAIMS', 'VIEW', '127.0.0.1', NULL, NULL, NULL, NULL, 'admin', 'Get Critical search list.', NULL, NULL),
	(3295, 'ADMIN', 'UMSC', 'CLAIMS', 'VIEW', '127.0.0.1', NULL, NULL, NULL, NULL, 'admin', 'Get Claim search list.', NULL, NULL),
	(3296, 'ADMIN', NULL, 'LGIN', 'LOGN', '127.0.0.1', 'Login successfully', NULL, NULL, NULL, 'admin', NULL, NULL, NULL),
	(3297, 'ADMIN', 'UMSC', 'CLAIMS', 'VIEW', '127.0.0.1', NULL, NULL, NULL, NULL, 'admin', 'Get Critical search list.', NULL, NULL),
	(3298, 'ADMIN', 'SCSC', 'SUPPLIER', 'VIEW', '127.0.0.1', NULL, NULL, NULL, NULL, 'admin', 'Get supplier search list.', NULL, NULL),
	(3299, 'ADMIN', 'UMSC', 'CLAIMS', 'VIEW', '127.0.0.1', NULL, NULL, NULL, NULL, 'admin', 'Get Claim search list.', NULL, NULL),
	(3300, 'ADMIN', 'UMSC', 'CLAIMS', 'VIEW', '127.0.0.1', NULL, NULL, NULL, NULL, 'admin', 'Get Critical search list.', NULL, NULL),
	(3301, 'HEADOFFICE', NULL, 'LGIN', 'LOGN', '127.0.0.1', 'Login successfully', NULL, NULL, NULL, 'yasas', NULL, NULL, NULL),
	(3302, 'HEADOFFICE', 'UMSC', 'CLAIMS', 'VIEW', '127.0.0.1', NULL, NULL, NULL, NULL, 'yasas', 'Get Claim search list.', NULL, NULL),
	(3303, 'HEADOFFICE', 'SCSC', 'DEALERSHIP', 'VIEW', '127.0.0.1', NULL, NULL, NULL, NULL, 'yasas', 'Get dealership search list.', NULL, NULL),
	(3304, 'HEADOFFICE', 'UMSC', 'CLAIMS', 'VIEW', '127.0.0.1', NULL, NULL, NULL, NULL, 'yasas', 'Get Claim search list.', NULL, NULL),
	(3305, 'ADMIN', NULL, 'LGIN', 'LOGN', '127.0.0.1', 'Login successfully', NULL, NULL, NULL, 'admin', NULL, NULL, NULL),
	(3306, 'ADMIN', 'UMSC', 'USMT', 'VIEW', '127.0.0.1', NULL, NULL, NULL, NULL, 'admin', 'Get system user search list.', NULL, NULL),
	(3307, 'ADMIN', 'UMSC', 'CLAIMS', 'VIEW', '127.0.0.1', NULL, NULL, NULL, NULL, 'admin', 'Get Claim search list.', NULL, NULL),
	(3308, 'ADMIN', NULL, 'LGIN', 'LOGN', '127.0.0.1', 'Login successfully', NULL, NULL, NULL, 'admin', NULL, NULL, NULL),
	(3309, 'ADMIN', NULL, 'LGIN', 'LOGN', '127.0.0.1', 'Login successfully', NULL, NULL, NULL, 'admin', NULL, NULL, NULL),
	(3310, 'ADMIN', NULL, 'LGIN', 'LOGN', '127.0.0.1', 'Login successfully', NULL, NULL, NULL, 'admin', NULL, NULL, NULL),
	(3311, 'ADMIN', NULL, 'LGIN', 'LOGN', '127.0.0.1', 'Login successfully', NULL, NULL, NULL, 'admin', NULL, NULL, NULL),
	(3312, 'ADMIN', NULL, 'LGIN', 'LOGN', '127.0.0.1', 'Login successfully', NULL, NULL, NULL, 'admin', NULL, NULL, NULL),
	(3313, 'ADMIN', NULL, 'LGIN', 'LOGN', '127.0.0.1', 'Login successfully', NULL, NULL, NULL, 'admin', NULL, NULL, NULL),
	(3314, 'ADMIN', NULL, 'LGIN', 'LOGN', '127.0.0.1', 'Login successfully', NULL, NULL, NULL, 'admin', NULL, NULL, NULL),
	(3315, 'ADMIN', NULL, 'LGIN', 'LOGN', '127.0.0.1', 'Login successfully', NULL, NULL, NULL, 'admin', NULL, NULL, NULL),
	(3316, 'ADMIN', NULL, 'LGIN', 'LOGN', '127.0.0.1', 'Login successfully', NULL, NULL, NULL, 'admin', NULL, NULL, NULL),
	(3317, 'ADMIN', NULL, 'LGIN', 'LOGN', '127.0.0.1', 'Login successfully', NULL, NULL, NULL, 'admin', NULL, NULL, NULL),
	(3318, 'ADMIN', NULL, 'LGIN', 'LOGN', '127.0.0.1', 'Login successfully', NULL, NULL, NULL, 'admin', NULL, NULL, NULL),
	(3319, 'ADMIN', NULL, 'LGIN', 'LOGN', '127.0.0.1', 'Login successfully', NULL, NULL, NULL, 'admin', NULL, NULL, NULL),
	(3320, 'ADMIN', NULL, 'LGIN', 'LOGN', '127.0.0.1', 'Login successfully', NULL, NULL, NULL, 'admin', NULL, NULL, NULL),
	(3321, 'ADMIN', NULL, 'LGIN', 'LOGN', '127.0.0.1', 'Login successfully', NULL, NULL, NULL, 'admin', NULL, NULL, NULL),
	(3322, 'ADMIN', NULL, 'LGIN', 'LOGN', '127.0.0.1', 'Login successfully', NULL, NULL, NULL, 'admin', NULL, NULL, NULL),
	(3323, 'ADMIN', NULL, 'LGIN', 'LOGN', '127.0.0.1', 'Login successfully', NULL, NULL, NULL, 'admin', NULL, NULL, NULL),
	(3324, 'ADMIN', NULL, 'LGIN', 'LOGN', '127.0.0.1', 'Login successfully', NULL, NULL, NULL, 'admin', NULL, NULL, NULL),
	(3325, 'ADMIN', NULL, 'LGIN', 'LOGN', '127.0.0.1', 'Login successfully', NULL, NULL, NULL, 'admin', NULL, NULL, NULL),
	(3326, 'ADMIN', NULL, 'LGIN', 'LOGN', '127.0.0.1', 'Login successfully', NULL, NULL, NULL, 'admin', NULL, NULL, NULL),
	(3327, 'ADMIN', 'UMSC', 'CLAIMS', 'VIEW', '127.0.0.1', NULL, NULL, NULL, NULL, 'admin', 'Get Critical search list.', NULL, NULL),
	(3328, 'ADMIN', NULL, 'LGIN', 'LOGN', '127.0.0.1', 'Login successfully', NULL, NULL, NULL, 'admin', NULL, NULL, NULL),
	(3329, 'ADMIN', 'UMSC', 'CLAIMS', 'VIEW', '127.0.0.1', NULL, NULL, NULL, NULL, 'admin', 'Get Critical search list.', NULL, NULL),
	(3330, 'ADMIN', NULL, 'LGIN', 'LOGN', '127.0.0.1', 'Login successfully', NULL, NULL, NULL, 'admin', NULL, NULL, NULL),
	(3331, 'ADMIN', 'UMSC', 'CLAIMS', 'VIEW', '127.0.0.1', NULL, NULL, NULL, NULL, 'admin', 'Get Critical search list.', NULL, NULL),
	(3332, 'ADMIN', NULL, 'LGIN', 'LOGN', '127.0.0.1', 'Login successfully', NULL, NULL, NULL, 'admin', NULL, NULL, NULL),
	(3333, 'ADMIN', 'UMSC', 'CLAIMS', 'VIEW', '127.0.0.1', NULL, NULL, NULL, NULL, 'admin', 'Get Critical search list.', NULL, NULL),
	(3334, 'ADMIN', 'UMSC', 'CLAIMS', 'VIEW', '127.0.0.1', NULL, NULL, NULL, NULL, 'admin', 'Get Critical search list.', NULL, NULL),
	(3335, 'ADMIN', 'UMSC', 'CLAIMS', 'VIEW', '127.0.0.1', NULL, NULL, NULL, NULL, 'admin', 'Get Critical search list.', NULL, NULL),
	(3336, 'ADMIN', NULL, 'LGIN', 'LOGN', '127.0.0.1', 'Login successfully', NULL, NULL, NULL, 'admin', NULL, NULL, NULL),
	(3337, 'ADMIN', 'UMSC', 'CLAIMS', 'VIEW', '127.0.0.1', NULL, NULL, NULL, NULL, 'admin', 'Get Critical search list.', NULL, NULL),
	(3338, 'ADMIN', 'UMSC', 'CLAIMS', 'VIEW', '127.0.0.1', NULL, NULL, NULL, NULL, 'admin', 'Get Critical search list.', NULL, NULL),
	(3339, 'ADMIN', 'UMSC', 'CLAIMS', 'VIEW', '127.0.0.1', NULL, NULL, NULL, NULL, 'admin', 'Get Critical search list.', NULL, NULL),
	(3340, 'ADMIN', 'UMSC', 'CLAIMS', 'VIEW', '127.0.0.1', NULL, NULL, NULL, NULL, 'admin', 'Get Critical search list.', NULL, NULL),
	(3341, 'ADMIN', 'UMSC', 'CLAIMS', 'VIEW', '127.0.0.1', NULL, NULL, NULL, NULL, 'admin', 'Get Critical search list.', NULL, NULL),
	(3342, 'ADMIN', NULL, 'LGIN', 'LOGN', '127.0.0.1', 'Login successfully', NULL, NULL, NULL, 'admin', NULL, NULL, NULL),
	(3343, 'ADMIN', 'UMSC', 'CLAIMS', 'VIEW', '127.0.0.1', NULL, NULL, NULL, NULL, 'admin', 'Get Critical search list.', NULL, NULL),
	(3344, 'ADMIN', NULL, 'LGIN', 'LOGN', '127.0.0.1', 'Login successfully', NULL, NULL, NULL, 'admin', NULL, NULL, NULL),
	(3345, 'ADMIN', 'UMSC', 'CLAIMS', 'VIEW', '127.0.0.1', NULL, NULL, NULL, NULL, 'admin', 'Get Critical search list.', NULL, NULL),
	(3346, 'ADMIN', NULL, 'LGIN', 'LOGN', '127.0.0.1', 'Login successfully', NULL, NULL, NULL, 'admin', NULL, NULL, NULL),
	(3347, 'ADMIN', 'UMSC', 'CLAIMS', 'VIEW', '127.0.0.1', NULL, NULL, NULL, NULL, 'admin', 'Get Critical search list.', NULL, NULL),
	(3348, 'ADMIN', 'UMSC', 'CLAIMS', 'VIEW', '127.0.0.1', NULL, NULL, NULL, NULL, 'admin', 'Get Critical search list.', NULL, NULL),
	(3349, 'ADMIN', 'UMSC', 'CLAIMS', 'VIEW', '127.0.0.1', NULL, NULL, NULL, NULL, 'admin', 'Get Critical search list.', NULL, NULL),
	(3350, 'ADMIN', 'UMSC', 'CLAIMS', 'VIEW', '127.0.0.1', NULL, NULL, NULL, NULL, 'admin', 'Get Critical search list.', NULL, NULL),
	(3351, 'ADMIN', 'UMSC', 'CLAIMS', 'VIEW', '127.0.0.1', NULL, NULL, NULL, NULL, 'admin', 'Get Claim search list.', NULL, NULL),
	(3352, 'ADMIN', NULL, 'LGIN', 'LOGN', '127.0.0.1', 'Login successfully', NULL, NULL, NULL, 'admin', NULL, NULL, NULL),
	(3353, 'ADMIN', 'UMSC', 'USMT', 'VIEW', '127.0.0.1', NULL, NULL, NULL, NULL, 'admin', 'Get system user search list.', NULL, NULL),
	(3354, 'ADMIN', NULL, 'LGIN', 'LOGN', '127.0.0.1', 'Login successfully', NULL, NULL, NULL, 'admin', NULL, NULL, NULL),
	(3355, 'ADMIN', 'UMSC', 'USMT', 'VIEW', '127.0.0.1', NULL, NULL, NULL, NULL, 'admin', 'Get system user search list.', NULL, NULL),
	(3356, 'ADMIN', 'UMSC', 'USMT', 'VIEW', '127.0.0.1', NULL, NULL, NULL, NULL, 'admin', 'Get system user search list.', NULL, NULL),
	(3357, 'ADMIN', NULL, 'LGIN', 'LOGN', '127.0.0.1', 'Login successfully', NULL, NULL, NULL, 'admin', NULL, NULL, NULL),
	(3358, 'ADMIN', 'UMSC', 'USMT', 'VIEW', '127.0.0.1', NULL, NULL, NULL, NULL, 'admin', 'Get system user search list.', NULL, NULL),
	(3359, 'ADMIN', NULL, 'LGIN', 'LOGN', '127.0.0.1', 'Login successfully', NULL, NULL, NULL, 'admin', NULL, NULL, NULL),
	(3360, 'ADMIN', 'UMSC', 'USMT', 'VIEW', '127.0.0.1', NULL, NULL, NULL, NULL, 'admin', 'Get system user search list.', NULL, NULL),
	(3361, 'ADMIN', 'UMSC', 'USMT', 'VIEW', '127.0.0.1', NULL, NULL, NULL, NULL, 'admin', 'Get system user search list.', NULL, NULL),
	(3362, 'ADMIN', 'UMSC', 'USMT', 'UPDATE', '127.0.0.1', NULL, 'SystemUserInputBean User Name|Full Name|Email|User Role Code|Status|Mobile Number|Created Time|Last Updated Time|Last Updated User', 'yasas|John Does|admin@epiclanka.net|HEADOFFICE|ACT|0777123456|913410601V|DEAL-0003|2021-01-15 00:00:00|2022-09-28 00:00:00|admin', 'yasas|John Does|admin@epiclanka.net|HEADOFFICE|ACT|0777123456|913410601V|1201444444|--|2022-09-29 16:06:50|admin', 'admin', 'System user (user name: YASAS) updated by admin', NULL, NULL),
	(3363, 'ADMIN', 'UMSC', 'USMT', 'VIEW', '127.0.0.1', NULL, NULL, NULL, NULL, 'admin', 'Get system user search list.', NULL, NULL),
	(3364, 'ADMIN', 'SCSC', 'USMT', 'ADD', '127.0.0.1', NULL, 'SystemUserInputBean User Name|Full Name|Email|User Role Code|Status|Mobile Number|Created Time|Last Updated Time|Last Updated User', NULL, 'kasun|Kasun|kasun@gmail.com|ADMIN|ACT|0710613134|882901360V|4444444444|2022-09-29 16:07:41|2022-09-29 16:07:41|admin', 'admin', 'System user (user name: KASUN) added by admin', NULL, NULL),
	(3365, 'ADMIN', 'UMSC', 'USMT', 'VIEW', '127.0.0.1', NULL, NULL, NULL, NULL, 'admin', 'Get system user search list.', NULL, NULL),
	(3366, 'ADMIN', 'UMSC', 'USMT', 'UPDATE', '127.0.0.1', NULL, 'SystemUserInputBean User Name|Full Name|Email|User Role Code|Status|Mobile Number|Created Time|Last Updated Time|Last Updated User', 'kasun|kasun|kasun@gmail.com|ADMIN|NEW|0710613134|882901360V|4444444444|2022-09-29 00:00:00|2022-09-29 00:00:00|admin', 'kasun|kasun|kasun@gmail.com|ADMIN|NEW|0710613134|882901360V|8888888888|--|2022-09-29 16:08:05|admin', 'admin', 'System user (user name: KASUN) updated by admin', NULL, NULL),
	(3367, 'ADMIN', 'UMSC', 'USMT', 'VIEW', '127.0.0.1', NULL, NULL, NULL, NULL, 'admin', 'Get system user search list.', NULL, NULL),
	(3368, 'ADMIN', NULL, 'LGIN', 'LOGN', '127.0.0.1', 'Login successfully', NULL, NULL, NULL, 'admin', NULL, NULL, NULL),
	(3369, 'ADMIN', 'UMSC', 'USMT', 'VIEW', '127.0.0.1', NULL, NULL, NULL, NULL, 'admin', 'Get system user search list.', NULL, NULL),
	(3370, 'ADMIN', NULL, 'LGIN', 'LOGN', '127.0.0.1', 'Login successfully', NULL, NULL, NULL, 'admin', NULL, NULL, NULL),
	(3371, 'ADMIN', 'UMSC', 'USMT', 'VIEW', '127.0.0.1', NULL, NULL, NULL, NULL, 'admin', 'Get system user search list.', NULL, NULL),
	(3372, 'ADMIN', 'UMSC', 'USMT', 'UPDATE', '127.0.0.1', NULL, 'SystemUserInputBean User Name|Full Name|Email|User Role Code|Status|Mobile Number|Created Time|Last Updated Time|Last Updated User', 'kasun|kasun|kasun@gmail.com|ADMIN|NEW|0710613134|882901360V|8888888888|2022-09-29 00:00:00|2022-09-29 00:00:00|admin', 'kasun|kasun|kasun@gmail.com|ADMIN|NEW|0710613134|882901360V|wew - 222|--|2022-09-29 16:40:30|admin', 'admin', 'System user (user name: KASUN) updated by admin', NULL, NULL),
	(3373, 'ADMIN', 'UMSC', 'USMT', 'VIEW', '127.0.0.1', NULL, NULL, NULL, NULL, 'admin', 'Get system user search list.', NULL, NULL),
	(3374, 'ADMIN', NULL, 'LGIN', 'LOGN', '127.0.0.1', 'Login successfully', NULL, NULL, NULL, 'admin', NULL, NULL, NULL),
	(3375, 'ADMIN', 'UMSC', 'CLAIMS', 'VIEW', '127.0.0.1', NULL, NULL, NULL, NULL, 'admin', 'Get Critical search list.', NULL, NULL),
	(3376, 'ADMIN', 'SCSC', 'CLAIMS', 'UPDATE', '127.0.0.1', NULL, 'Task Code|Description|Status|Created Time|Last Updated Time|Last Updated User', 'WAR-00001', 'WAR-00001', 'admin', 'Claim (ID: WAR-00001) updated by admin', NULL, NULL),
	(3377, 'ADMIN', 'UMSC', 'CLAIMS', 'VIEW', '127.0.0.1', NULL, NULL, NULL, NULL, 'admin', 'Get Critical search list.', NULL, NULL),
	(3378, 'ADMIN', 'UMSC', 'CLAIMS', 'VIEW', '127.0.0.1', NULL, NULL, NULL, NULL, 'admin', 'Get Critical search list.', NULL, NULL),
	(3379, 'ADMIN', NULL, 'LGIN', 'LOGN', '127.0.0.1', 'Login successfully', NULL, NULL, NULL, 'admin', NULL, NULL, NULL),
	(3380, 'ADMIN', 'UMSC', 'CLAIMS', 'VIEW', '127.0.0.1', NULL, NULL, NULL, NULL, 'admin', 'Get Critical search list.', NULL, NULL),
	(3381, 'ADMIN', NULL, 'LGIN', 'LOGN', '127.0.0.1', 'Login successfully', NULL, NULL, NULL, 'admin', NULL, NULL, NULL),
	(3382, 'ADMIN', 'UMSC', 'CLAIMS', 'VIEW', '127.0.0.1', NULL, NULL, NULL, NULL, 'admin', 'Get Critical search list.', NULL, NULL),
	(3383, 'ADMIN', NULL, 'LGIN', 'LOGN', '127.0.0.1', 'Login successfully', NULL, NULL, NULL, 'admin', NULL, NULL, NULL),
	(3384, 'ADMIN', 'SCSC', 'SUPPLIER', 'VIEW', '127.0.0.1', NULL, NULL, NULL, NULL, 'admin', 'Get supplier search list.', NULL, NULL),
	(3385, 'ADMIN', 'UMSC', 'CLAIMS', 'VIEW', '127.0.0.1', NULL, NULL, NULL, NULL, 'admin', 'Get Critical search list.', NULL, NULL),
	(3386, 'ADMIN', 'SCSC', 'CLAIMS', 'UPDATE', '127.0.0.1', NULL, 'Task Code|Description|Status|Created Time|Last Updated Time|Last Updated User', 'WAR-00001', 'WAR-00001', 'admin', 'Claim (ID: WAR-00001) updated by admin', NULL, NULL),
	(3387, 'ADMIN', 'UMSC', 'CLAIMS', 'VIEW', '127.0.0.1', NULL, NULL, NULL, NULL, 'admin', 'Get Critical search list.', NULL, NULL),
	(3388, 'ADMIN', 'SCSC', 'CLAIMS', 'UPDATE', '127.0.0.1', NULL, 'Task Code|Description|Status|Created Time|Last Updated Time|Last Updated User', 'WDC-20220922170444', 'WDC-20220922170444', 'admin', 'Claim (ID: WDC-20220922170444) updated by admin', NULL, NULL),
	(3389, 'ADMIN', 'UMSC', 'CLAIMS', 'VIEW', '127.0.0.1', NULL, NULL, NULL, NULL, 'admin', 'Get Critical search list.', NULL, NULL),
	(3390, 'ADMIN', 'UMSC', 'CLAIMS', 'VIEW', '127.0.0.1', NULL, NULL, NULL, NULL, 'admin', 'Get Critical search list.', NULL, NULL),
	(3391, 'ADMIN', 'SCSC', 'SUPPLIER', 'VIEW', '127.0.0.1', NULL, NULL, NULL, NULL, 'admin', 'Get supplier search list.', NULL, NULL),
	(3392, 'ADMIN', 'UMSC', 'CLAIMS', 'VIEW', '127.0.0.1', NULL, NULL, NULL, NULL, 'admin', 'Get Critical search list.', NULL, NULL),
	(3393, 'ADMIN', 'UMSC', 'CLAIMS', 'VIEW', '127.0.0.1', NULL, NULL, NULL, NULL, 'admin', 'Get Claim search list.', NULL, NULL),
	(3394, 'ADMIN', NULL, 'LGIN', 'LOGN', '127.0.0.1', 'Login successfully', NULL, NULL, NULL, 'admin', NULL, NULL, NULL),
	(3395, 'ADMIN', 'UMSC', 'CLAIMS', 'VIEW', '127.0.0.1', NULL, NULL, NULL, NULL, 'admin', 'Get Claim search list.', NULL, NULL),
	(3396, 'ADMIN', 'SCSC', 'CLAIMS', 'UPDATE', '127.0.0.1', NULL, 'Task Code|Description|Status|Created Time|Last Updated Time|Last Updated User', 'WDC-20220922173220', 'WDC-20220922173220', 'admin', 'Claim (ID: WDC-20220922173220) acknowledge by admin', NULL, NULL),
	(3397, 'ADMIN', 'UMSC', 'CLAIMS', 'VIEW', '127.0.0.1', NULL, NULL, NULL, NULL, 'admin', 'Get Claim search list.', NULL, NULL),
	(3398, 'ADMIN', 'SCSC', 'DEALERSHIP', 'VIEW', '127.0.0.1', NULL, NULL, NULL, NULL, 'admin', 'Get dealership search list.', NULL, NULL),
	(3399, 'ADMIN', 'UMSC', 'USMT', 'VIEW', '127.0.0.1', NULL, NULL, NULL, NULL, 'admin', 'Get system user search list.', NULL, NULL),
	(3400, 'ADMIN', 'UMSC', 'CLAIMS', 'VIEW', '127.0.0.1', NULL, NULL, NULL, NULL, 'admin', 'Get Claim search list.', NULL, NULL),
	(3401, 'ADMIN', NULL, 'LGIN', 'LOGN', '127.0.0.1', 'Login successfully', NULL, NULL, NULL, 'admin', NULL, NULL, NULL),
	(3402, 'ADMIN', 'UMSC', 'CLAIMS', 'VIEW', '127.0.0.1', NULL, NULL, NULL, NULL, 'admin', 'Get Critical search list.', NULL, NULL),
	(3403, 'ADMIN', 'UMSC', 'CLAIMS', 'VIEW', '127.0.0.1', NULL, NULL, NULL, NULL, 'admin', 'Get Claim search list.', NULL, NULL),
	(3404, 'ADMIN', 'UMSC', 'CLAIMS', 'VIEW', '127.0.0.1', NULL, NULL, NULL, NULL, 'admin', 'Get Claim search list.', NULL, NULL),
	(3405, 'ADMIN', NULL, 'LGIN', 'LOGN', '127.0.0.1', 'Login successfully', NULL, NULL, NULL, 'admin', NULL, NULL, NULL),
	(3406, 'ADMIN', 'UMSC', 'CLAIMS', 'VIEW', '127.0.0.1', NULL, NULL, NULL, NULL, 'admin', 'Get Claim search list.', NULL, NULL),
	(3407, 'ADMIN', NULL, 'LGIN', 'LOGN', '127.0.0.1', 'Login successfully', NULL, NULL, NULL, 'admin', NULL, NULL, NULL),
	(3408, 'ADMIN', 'UMSC', 'CLAIMS', 'VIEW', '127.0.0.1', NULL, NULL, NULL, NULL, 'admin', 'Get Claim search list.', NULL, NULL),
	(3409, 'ADMIN', NULL, 'LGIN', 'LOGN', '127.0.0.1', 'Login successfully', NULL, NULL, NULL, 'admin', NULL, NULL, NULL),
	(3410, 'ADMIN', 'UMSC', 'CLAIMS', 'VIEW', '127.0.0.1', NULL, NULL, NULL, NULL, 'admin', 'Get Claim search list.', NULL, NULL),
	(3411, 'ADMIN', NULL, 'LGIN', 'LOGN', '127.0.0.1', 'Login successfully', NULL, NULL, NULL, 'admin', NULL, NULL, NULL),
	(3412, 'ADMIN', 'UMSC', 'CLAIMS', 'VIEW', '127.0.0.1', NULL, NULL, NULL, NULL, 'admin', 'Get Claim search list.', NULL, NULL),
	(3413, 'ADMIN', 'SCSC', 'CLAIMS', 'UPDATE', '127.0.0.1', NULL, 'Task Code|Description|Status|Created Time|Last Updated Time|Last Updated User', 'WDC-00005', 'WDC-00005', 'admin', 'Claim (ID: WDC-00005) acknowledge by admin', NULL, NULL),
	(3414, 'ADMIN', 'UMSC', 'CLAIMS', 'VIEW', '127.0.0.1', NULL, NULL, NULL, NULL, 'admin', 'Get Claim search list.', NULL, NULL),
	(3415, 'ADMIN', 'UMSC', 'CLAIMS', 'VIEW', '127.0.0.1', NULL, NULL, NULL, NULL, 'admin', 'Get Claim search list.', NULL, NULL),
	(3416, 'ADMIN', NULL, 'LGIN', 'LOGN', '127.0.0.1', 'Login successfully', NULL, NULL, NULL, 'admin', NULL, NULL, NULL),
	(3417, 'ADMIN', 'SCSC', 'PWPM', 'VIEW', '127.0.0.1', NULL, NULL, NULL, NULL, 'admin', 'Get password policy search list.', NULL, NULL),
	(3418, 'ADMIN', NULL, 'LGIN', 'LOGN', '127.0.0.1', 'Login successfully', NULL, NULL, NULL, 'admin', NULL, NULL, NULL),
	(3419, 'ADMIN', NULL, 'LGIN', 'LOGN', '127.0.0.1', 'Login successfully', NULL, NULL, NULL, 'admin', NULL, NULL, NULL),
	(3420, 'ADMIN', 'UMSC', 'CLAIMS', 'VIEW', '127.0.0.1', NULL, NULL, NULL, NULL, 'admin', 'Get Claim search list.', NULL, NULL),
	(3421, 'ADMIN', 'SCSC', 'UPMT', 'VIEW', '127.0.0.1', NULL, NULL, NULL, NULL, 'admin', 'Get userparam search list.', NULL, NULL),
	(3422, 'ADMIN', 'SCSC', 'PWPM', 'VIEW', '127.0.0.1', NULL, NULL, NULL, NULL, 'admin', 'Get password policy search list.', NULL, NULL),
	(3423, 'ADMIN', 'UMSC', 'CLAIMS', 'VIEW', '127.0.0.1', NULL, NULL, NULL, NULL, 'admin', 'Get Claim search list.', NULL, NULL),
	(3424, 'ADMIN', NULL, 'LGIN', 'LOGN', '127.0.0.1', 'Login successfully', NULL, NULL, NULL, 'admin', NULL, NULL, NULL),
	(3425, 'ADMIN', NULL, 'LGIN', 'LOGN', '127.0.0.1', 'Login successfully', NULL, NULL, NULL, 'admin', NULL, NULL, NULL),
	(3426, 'ADMIN', NULL, 'LGIN', 'LOGN', '127.0.0.1', 'Login successfully', NULL, NULL, NULL, 'admin', NULL, NULL, NULL),
	(3427, 'ADMIN', NULL, 'LGIN', 'LOGN', '127.0.0.1', 'Login successfully', NULL, NULL, NULL, 'admin', NULL, NULL, NULL),
	(3428, 'ADMIN', NULL, 'LGIN', 'LOGN', '127.0.0.1', 'Login successfully', NULL, NULL, NULL, 'admin', NULL, NULL, NULL),
	(3429, 'ADMIN', NULL, 'LGIN', 'LOGN', '127.0.0.1', 'Login successfully', NULL, NULL, NULL, 'admin', NULL, NULL, NULL),
	(3430, 'ADMIN', NULL, 'LGIN', 'LOGN', '127.0.0.1', 'Login successfully', NULL, NULL, NULL, 'admin', NULL, NULL, NULL),
	(3431, 'ADMIN', NULL, 'LGIN', 'LOGN', '127.0.0.1', 'Login successfully', NULL, NULL, NULL, 'admin', NULL, NULL, NULL),
	(3432, 'ADMIN', NULL, 'LGIN', 'LOGN', '127.0.0.1', 'Login successfully', NULL, NULL, NULL, 'admin', NULL, NULL, NULL),
	(3433, 'ADMIN', NULL, 'LGIN', 'LOGN', '127.0.0.1', 'Login successfully', NULL, NULL, NULL, 'admin', NULL, NULL, NULL),
	(3434, 'ADMIN', NULL, 'LGIN', 'LOGN', '127.0.0.1', 'Login successfully', NULL, NULL, NULL, 'admin', NULL, NULL, NULL),
	(3435, 'ADMIN', NULL, 'LGIN', 'LOGN', '127.0.0.1', 'Login successfully', NULL, NULL, NULL, 'admin', NULL, NULL, NULL),
	(3436, 'ADMIN', NULL, 'LGIN', 'LOGN', '127.0.0.1', 'Login successfully', NULL, NULL, NULL, 'admin', NULL, NULL, NULL),
	(3437, 'ADMIN', NULL, 'LGIN', 'LOGN', '127.0.0.1', 'Login successfully', NULL, NULL, NULL, 'admin', NULL, NULL, NULL),
	(3438, 'ADMIN', NULL, 'LGIN', 'LOGN', '127.0.0.1', 'Login successfully', NULL, NULL, NULL, 'admin', NULL, NULL, NULL),
	(3439, 'ADMIN', 'UMSC', 'CLAIMS', 'VIEW', '127.0.0.1', NULL, NULL, NULL, NULL, 'admin', 'Get Claim search list.', NULL, NULL),
	(3440, 'ADMIN', NULL, 'LGIN', 'LOGN', '127.0.0.1', 'Login successfully', NULL, NULL, NULL, 'admin', NULL, NULL, NULL),
	(3441, 'ADMIN', NULL, 'LGIN', 'LOGN', '127.0.0.1', 'Login successfully', NULL, NULL, NULL, 'admin', NULL, NULL, NULL),
	(3442, 'ADMIN', NULL, 'LGIN', 'LOGN', '127.0.0.1', 'Login successfully', NULL, NULL, NULL, 'admin', NULL, NULL, NULL),
	(3443, 'ADMIN', NULL, 'LGIN', 'LOGN', '127.0.0.1', 'Login successfully', NULL, NULL, NULL, 'admin', NULL, NULL, NULL),
	(3444, 'ADMIN', NULL, 'LGIN', 'LOGN', '127.0.0.1', 'Login successfully', NULL, NULL, NULL, 'admin', NULL, NULL, NULL),
	(3445, 'ADMIN', NULL, 'LGIN', 'LOGN', '127.0.0.1', 'Login successfully', NULL, NULL, NULL, 'admin', NULL, NULL, NULL),
	(3446, 'ADMIN', NULL, 'LGIN', 'LOGN', '127.0.0.1', 'Login successfully', NULL, NULL, NULL, 'admin', NULL, NULL, NULL),
	(3447, 'ADMIN', 'SCSC', 'PWPM', 'VIEW', '127.0.0.1', NULL, NULL, NULL, NULL, 'admin', 'Get password policy search list.', NULL, NULL),
	(3448, 'ADMIN', NULL, 'LGIN', 'LOGN', '127.0.0.1', 'Login successfully', NULL, NULL, NULL, 'admin', NULL, NULL, NULL),
	(3449, 'ADMIN', NULL, 'LGIN', 'LOGN', '127.0.0.1', 'Login successfully', NULL, NULL, NULL, 'admin', NULL, NULL, NULL),
	(3450, 'ADMIN', NULL, 'LGIN', 'LOGN', '127.0.0.1', 'Login successfully', NULL, NULL, NULL, 'admin', NULL, NULL, NULL),
	(3451, 'ADMIN', NULL, 'LGIN', 'LOGN', '127.0.0.1', 'Login successfully', NULL, NULL, NULL, 'admin', NULL, NULL, NULL),
	(3452, 'ADMIN', NULL, 'LGIN', 'LOGN', '127.0.0.1', 'Login successfully', NULL, NULL, NULL, 'admin', NULL, NULL, NULL),
	(3453, 'ADMIN', NULL, 'LGIN', 'LOGN', '127.0.0.1', 'Login successfully', NULL, NULL, NULL, 'admin', NULL, NULL, NULL),
	(3454, 'ADMIN', NULL, 'LGIN', 'LOGN', '127.0.0.1', 'Login successfully', NULL, NULL, NULL, 'admin', NULL, NULL, NULL),
	(3455, 'ADMIN', NULL, 'LGIN', 'LOGN', '127.0.0.1', 'Login successfully', NULL, NULL, NULL, 'admin', NULL, NULL, NULL),
	(3456, 'ADMIN', NULL, 'LGIN', 'LOGN', '127.0.0.1', 'Login successfully', NULL, NULL, NULL, 'admin', NULL, NULL, NULL),
	(3457, 'ADMIN', NULL, 'LGIN', 'LOGN', '127.0.0.1', 'Login successfully', NULL, NULL, NULL, 'admin', NULL, NULL, NULL),
	(3458, 'ADMIN', NULL, 'LGIN', 'LOGN', '127.0.0.1', 'Login successfully', NULL, NULL, NULL, 'admin', NULL, NULL, NULL),
	(3459, 'ADMIN', NULL, 'LGIN', 'LOGN', '127.0.0.1', 'Login successfully', NULL, NULL, NULL, 'admin', NULL, NULL, NULL),
	(3460, 'ADMIN', NULL, 'LGIN', 'LOGN', '127.0.0.1', 'Login successfully', NULL, NULL, NULL, 'admin', NULL, NULL, NULL),
	(3461, 'ADMIN', NULL, 'LGIN', 'LOGN', '127.0.0.1', 'Login successfully', NULL, NULL, NULL, 'admin', NULL, NULL, NULL),
	(3462, 'ADMIN', NULL, 'LGIN', 'LOGN', '127.0.0.1', 'Login successfully', NULL, NULL, NULL, 'admin', NULL, NULL, NULL),
	(3463, 'ADMIN', NULL, 'LGIN', 'LOGN', '127.0.0.1', 'Login successfully', NULL, NULL, NULL, 'admin', NULL, NULL, NULL),
	(3464, 'ADMIN', NULL, 'LGIN', 'LOGN', '127.0.0.1', 'Login successfully', NULL, NULL, NULL, 'admin', NULL, NULL, NULL),
	(3465, 'ADMIN', 'UMSC', 'CLAIMS', 'VIEW', '127.0.0.1', NULL, NULL, NULL, NULL, 'admin', 'Get Claim search list.', NULL, NULL),
	(3466, 'ADMIN', 'UMSC', 'CLAIMS', 'VIEW', '127.0.0.1', NULL, NULL, NULL, NULL, 'admin', 'Get Critical search list.', NULL, NULL),
	(3467, 'ADMIN', NULL, 'LGIN', 'LOGN', '127.0.0.1', 'Login successfully', NULL, NULL, NULL, 'admin', NULL, NULL, NULL),
	(3468, 'ADMIN', 'UMSC', 'CLAIMS', 'VIEW', '127.0.0.1', NULL, NULL, NULL, NULL, 'admin', 'Get Critical search list.', NULL, NULL),
	(3469, 'ADMIN', 'UMSC', 'CLAIMS', 'VIEW', '127.0.0.1', NULL, NULL, NULL, NULL, 'admin', 'Get Critical search list.', NULL, NULL),
	(3470, 'ADMIN', NULL, 'LGIN', 'LOGN', '127.0.0.1', 'Login successfully', NULL, NULL, NULL, 'admin', NULL, NULL, NULL),
	(3471, 'ADMIN', 'UMSC', 'CLAIMS', 'VIEW', '127.0.0.1', NULL, NULL, NULL, NULL, 'admin', 'Get Critical search list.', NULL, NULL),
	(3472, 'ADMIN', 'UMSC', 'CLAIMS', 'VIEW', '127.0.0.1', NULL, NULL, NULL, NULL, 'admin', 'Get Critical search list.', NULL, NULL),
	(3473, 'ADMIN', NULL, 'LGIN', 'LOGN', '127.0.0.1', 'Login successfully', NULL, NULL, NULL, 'admin', NULL, NULL, NULL),
	(3474, 'ADMIN', 'UMSC', 'CLAIMS', 'VIEW', '127.0.0.1', NULL, NULL, NULL, NULL, 'admin', 'Get Critical search list.', NULL, NULL),
	(3475, 'ADMIN', NULL, 'LGIN', 'LOGN', '127.0.0.1', 'Login successfully', NULL, NULL, NULL, 'admin', NULL, NULL, NULL),
	(3476, 'ADMIN', 'UMSC', 'CLAIMS', 'VIEW', '127.0.0.1', NULL, NULL, NULL, NULL, 'admin', 'Get Critical search list.', NULL, NULL),
	(3477, 'ADMIN', 'UMSC', 'CLAIMS', 'VIEW', '127.0.0.1', NULL, NULL, NULL, NULL, 'admin', 'Get Critical search list.', NULL, NULL),
	(3478, 'ADMIN', 'UMSC', 'CLAIMS', 'VIEW', '127.0.0.1', NULL, NULL, NULL, NULL, 'admin', 'Get Critical search list.', NULL, NULL),
	(3479, 'ADMIN', 'UMSC', 'CLAIMS', 'VIEW', '127.0.0.1', NULL, NULL, NULL, NULL, 'admin', 'Get Critical search list.', NULL, NULL),
	(3480, 'ADMIN', 'UMSC', 'CLAIMS', 'VIEW', '127.0.0.1', NULL, NULL, NULL, NULL, 'admin', 'Get Critical search list.', NULL, NULL),
	(3481, 'ADMIN', 'UMSC', 'CLAIMS', 'VIEW', '127.0.0.1', NULL, NULL, NULL, NULL, 'admin', 'Get Critical search list.', NULL, NULL),
	(3482, 'ADMIN', 'UMSC', 'CLAIMS', 'VIEW', '127.0.0.1', NULL, NULL, NULL, NULL, 'admin', 'Get Critical search list.', NULL, NULL),
	(3483, 'ADMIN', NULL, 'LGIN', 'LOGN', '127.0.0.1', 'Login successfully', NULL, NULL, NULL, 'admin', NULL, NULL, NULL),
	(3484, 'ADMIN', 'UMSC', 'CLAIMS', 'VIEW', '127.0.0.1', NULL, NULL, NULL, NULL, 'admin', 'Get Critical search list.', NULL, NULL),
	(3485, 'ADMIN', 'UMSC', 'CLAIMS', 'VIEW', '127.0.0.1', NULL, NULL, NULL, NULL, 'admin', 'Get Critical search list.', NULL, NULL),
	(3486, 'ADMIN', 'UMSC', 'CLAIMS', 'VIEW', '127.0.0.1', NULL, NULL, NULL, NULL, 'admin', 'Get Critical search list.', NULL, NULL),
	(3487, 'ADMIN', 'UMSC', 'CLAIMS', 'VIEW', '127.0.0.1', NULL, NULL, NULL, NULL, 'admin', 'Get Critical search list.', NULL, NULL),
	(3488, 'ADMIN', 'UMSC', 'CLAIMS', 'VIEW', '127.0.0.1', NULL, NULL, NULL, NULL, 'admin', 'Get Critical search list.', NULL, NULL),
	(3489, 'ADMIN', NULL, 'LGIN', 'LOGN', '127.0.0.1', 'Login successfully', NULL, NULL, NULL, 'admin', NULL, NULL, NULL),
	(3490, 'ADMIN', 'UMSC', 'CLAIMS', 'VIEW', '127.0.0.1', NULL, NULL, NULL, NULL, 'admin', 'Get Critical search list.', NULL, NULL),
	(3491, 'ADMIN', NULL, 'LGIN', 'LOGN', '127.0.0.1', 'Login successfully', NULL, NULL, NULL, 'admin', NULL, NULL, NULL),
	(3492, 'ADMIN', 'UMSC', 'CLAIMS', 'VIEW', '127.0.0.1', NULL, NULL, NULL, NULL, 'admin', 'Get Critical search list.', NULL, NULL),
	(3493, 'ADMIN', NULL, 'LGIN', 'LOGN', '127.0.0.1', 'Login successfully', NULL, NULL, NULL, 'admin', NULL, NULL, NULL),
	(3494, 'ADMIN', 'WARRANTY', 'INHMT', 'VIEW', '127.0.0.1', NULL, NULL, NULL, NULL, 'admin', 'Get Critical search list.', NULL, NULL),
	(3495, 'ADMIN', 'WARRANTY', 'INHMT', 'VIEW', '127.0.0.1', NULL, NULL, NULL, NULL, 'admin', 'Get Critical search list.', NULL, NULL),
	(3496, 'ADMIN', NULL, 'LGIN', 'LOGN', '127.0.0.1', 'Login successfully', NULL, NULL, NULL, 'admin', NULL, NULL, NULL),
	(3497, 'ADMIN', NULL, 'LGIN', 'LOGN', '127.0.0.1', 'Login successfully', NULL, NULL, NULL, 'admin', NULL, NULL, NULL),
	(3498, 'ADMIN', NULL, 'LGIN', 'LOGN', '127.0.0.1', 'Login successfully', NULL, NULL, NULL, 'admin', NULL, NULL, NULL),
	(3499, 'ADMIN', 'WARRANTY', 'INHMT', 'VIEW', '127.0.0.1', NULL, NULL, NULL, NULL, 'admin', 'Get Critical search list.', NULL, NULL),
	(3500, 'ADMIN', 'WARRANTY', 'INHMT', 'VIEW', '127.0.0.1', NULL, NULL, NULL, NULL, 'admin', 'Get Critical search list.', NULL, NULL),
	(3501, 'ADMIN', 'WARRANTY', 'INHMT', 'VIEW', '127.0.0.1', NULL, NULL, NULL, NULL, 'admin', 'Get Critical search list.', NULL, NULL),
	(3502, 'ADMIN', 'WARRANTY', 'INHMT', 'VIEW', '127.0.0.1', NULL, NULL, NULL, NULL, 'admin', 'Get Critical search list.', NULL, NULL),
	(3503, 'ADMIN', NULL, 'LGIN', 'LOGN', '127.0.0.1', 'Login successfully', NULL, NULL, NULL, 'admin', NULL, NULL, NULL),
	(3504, 'ADMIN', 'WARRANTY', 'INHMT', 'VIEW', '127.0.0.1', NULL, NULL, NULL, NULL, 'admin', 'Get Critical search list.', NULL, NULL),
	(3505, 'ADMIN', 'WARRANTY', 'INHMT', 'VIEW', '127.0.0.1', NULL, NULL, NULL, NULL, 'admin', 'Get Critical search list.', NULL, NULL),
	(3506, 'ADMIN', 'WARRANTY', 'INHMT', 'VIEW', '127.0.0.1', NULL, NULL, NULL, NULL, 'admin', 'Get Critical search list.', NULL, NULL),
	(3507, 'ADMIN', 'WARRANTY', 'INHMT', 'VIEW', '127.0.0.1', NULL, NULL, NULL, NULL, 'admin', 'Get Critical search list.', NULL, NULL),
	(3508, 'ADMIN', NULL, 'LGIN', 'LOGN', '127.0.0.1', 'Login successfully', NULL, NULL, NULL, 'admin', NULL, NULL, NULL),
	(3509, 'ADMIN', 'WARRANTY', 'INHMT', 'VIEW', '127.0.0.1', NULL, NULL, NULL, NULL, 'admin', 'Get Critical search list.', NULL, NULL),
	(3510, 'ADMIN', 'WARRANTY', 'INHMT', 'VIEW', '127.0.0.1', NULL, NULL, NULL, NULL, 'admin', 'Get Critical search list.', NULL, NULL),
	(3511, 'ADMIN', NULL, 'LGIN', 'LOGN', '127.0.0.1', 'Login successfully', NULL, NULL, NULL, 'admin', NULL, NULL, NULL),
	(3512, 'ADMIN', 'WARRANTY', 'INHMT', 'VIEW', '127.0.0.1', NULL, NULL, NULL, NULL, 'admin', 'Get Critical search list.', NULL, NULL),
	(3513, 'ADMIN', NULL, 'LGIN', 'LOGN', '127.0.0.1', 'Login successfully', NULL, NULL, NULL, 'admin', NULL, NULL, NULL),
	(3514, 'ADMIN', 'WARRANTY', 'INHMT', 'VIEW', '127.0.0.1', NULL, NULL, NULL, NULL, 'admin', 'Get Critical search list.', NULL, NULL),
	(3515, 'ADMIN', 'WARRANTY', 'INHMT', 'VIEW', '127.0.0.1', NULL, NULL, NULL, NULL, 'admin', 'Get Critical search list.', NULL, NULL),
	(3516, 'ADMIN', NULL, 'LGIN', 'LOGN', '127.0.0.1', 'Login successfully', NULL, NULL, NULL, 'admin', NULL, NULL, NULL),
	(3517, 'ADMIN', 'WARRANTY', 'INHMT', 'VIEW', '127.0.0.1', NULL, NULL, NULL, NULL, 'admin', 'Get Critical search list.', NULL, NULL),
	(3518, 'ADMIN', 'WARRANTY', 'INHMT', 'VIEW', '127.0.0.1', NULL, NULL, NULL, NULL, 'admin', 'Get Critical search list.', NULL, NULL),
	(3519, 'ADMIN', NULL, 'LGIN', 'LOGN', '127.0.0.1', 'Login successfully', NULL, NULL, NULL, 'admin', NULL, NULL, NULL),
	(3520, 'ADMIN', 'WARRANTY', 'INHMT', 'VIEW', '127.0.0.1', NULL, NULL, NULL, NULL, 'admin', 'Get Critical search list.', NULL, NULL),
	(3521, 'ADMIN', NULL, 'LGIN', 'LOGN', '127.0.0.1', 'Login successfully', NULL, NULL, NULL, 'admin', NULL, NULL, NULL),
	(3522, 'ADMIN', 'WARRANTY', 'INHMT', 'VIEW', '127.0.0.1', NULL, NULL, NULL, NULL, 'admin', 'Get Critical search list.', NULL, NULL),
	(3523, 'ADMIN', 'SCSC', 'SUPPLIER', 'VIEW', '127.0.0.1', NULL, NULL, NULL, NULL, 'admin', 'Get supplier search list.', NULL, NULL),
	(3524, 'ADMIN', 'UMSC', 'CLAIMS', 'VIEW', '127.0.0.1', NULL, NULL, NULL, NULL, 'admin', 'Get Critical search list.', NULL, NULL),
	(3525, 'ADMIN', NULL, 'LGIN', 'LOGN', '127.0.0.1', 'Login successfully', NULL, NULL, NULL, 'admin', NULL, NULL, NULL),
	(3526, 'ADMIN', 'UMSC', 'CLAIMS', 'VIEW', '127.0.0.1', NULL, NULL, NULL, NULL, 'admin', 'Get Critical search list.', NULL, NULL),
	(3527, 'ADMIN', 'UMSC', 'CLAIMS', 'VIEW', '127.0.0.1', NULL, NULL, NULL, NULL, 'admin', 'Get Critical search list.', NULL, NULL),
	(3528, 'ADMIN', 'UMSC', 'CLAIMS', 'VIEW', '127.0.0.1', NULL, NULL, NULL, NULL, 'admin', 'Get Critical search list.', NULL, NULL),
	(3529, 'ADMIN', 'UMSC', 'CLAIMS', 'VIEW', '127.0.0.1', NULL, NULL, NULL, NULL, 'admin', 'Get Critical search list.', NULL, NULL),
	(3530, 'ADMIN', 'UMSC', 'CLAIMS', 'VIEW', '127.0.0.1', NULL, NULL, NULL, NULL, 'admin', 'Get Critical search list.', NULL, NULL),
	(3531, 'ADMIN', 'UMSC', 'CLAIMS', 'VIEW', '127.0.0.1', NULL, NULL, NULL, NULL, 'admin', 'Get Critical search list.', NULL, NULL),
	(3532, 'ADMIN', 'UMSC', 'CLAIMS', 'VIEW', '127.0.0.1', NULL, NULL, NULL, NULL, 'admin', 'Get Critical search list.', NULL, NULL),
	(3533, 'ADMIN', 'UMSC', 'CLAIMS', 'VIEW', '127.0.0.1', NULL, NULL, NULL, NULL, 'admin', 'Get Critical search list.', NULL, NULL),
	(3534, 'ADMIN', NULL, 'LGIN', 'LOGN', '127.0.0.1', 'Login successfully', NULL, NULL, NULL, 'admin', NULL, NULL, NULL),
	(3535, 'ADMIN', 'UMSC', 'CLAIMS', 'VIEW', '127.0.0.1', NULL, NULL, NULL, NULL, 'admin', 'Get Claim search list.', NULL, NULL),
	(3536, 'ADMIN', NULL, 'LGIN', 'LOGN', '127.0.0.1', 'Login successfully', NULL, NULL, NULL, 'admin', NULL, NULL, NULL),
	(3537, 'ADMIN', 'WARRANTY', 'INHMT', 'VIEW', '127.0.0.1', NULL, NULL, NULL, NULL, 'admin', 'Get Critical search list.', NULL, NULL),
	(3538, 'ADMIN', 'WARRANTY', 'INHMT', 'VIEW', '127.0.0.1', NULL, NULL, NULL, NULL, 'admin', 'Get Critical search list.', NULL, NULL),
	(3539, 'ADMIN', NULL, 'LGIN', 'LOGN', '127.0.0.1', 'Login successfully', NULL, NULL, NULL, 'admin', NULL, NULL, NULL),
	(3540, 'ADMIN', 'UMSC', 'CLAIMS', 'VIEW', '127.0.0.1', NULL, NULL, NULL, NULL, 'admin', 'Get Claim search list.', NULL, NULL),
	(3541, 'ADMIN', 'UMSC', 'CLAIMS', 'VIEW', '127.0.0.1', NULL, NULL, NULL, NULL, 'admin', 'Get Claim search list.', NULL, NULL),
	(3542, 'ADMIN', NULL, 'LGIN', 'LOGN', '127.0.0.1', 'Login successfully', NULL, NULL, NULL, 'admin', NULL, NULL, NULL),
	(3543, 'ADMIN', 'UMSC', 'CLAIMS', 'VIEW', '127.0.0.1', NULL, NULL, NULL, NULL, 'admin', 'Get Claim search list.', NULL, NULL),
	(3544, 'ADMIN', NULL, 'LGIN', 'LOGN', '127.0.0.1', 'Login successfully', NULL, NULL, NULL, 'admin', NULL, NULL, NULL),
	(3545, 'ADMIN', 'UMSC', 'CLAIMS', 'VIEW', '127.0.0.1', NULL, NULL, NULL, NULL, 'admin', 'Get Claim search list.', NULL, NULL),
	(3546, 'ADMIN', 'UMSC', 'CLAIMS', 'VIEW', '127.0.0.1', NULL, NULL, NULL, NULL, 'admin', 'Get Claim search list.', NULL, NULL),
	(3547, 'ADMIN', NULL, 'LGIN', 'LOGN', '127.0.0.1', 'Login successfully', NULL, NULL, NULL, 'admin', NULL, NULL, NULL),
	(3548, 'ADMIN', 'WARRANTY', 'INHMT', 'VIEW', '127.0.0.1', NULL, NULL, NULL, NULL, 'admin', 'Get Critical search list.', NULL, NULL),
	(3549, 'ADMIN', 'UMSC', 'CLAIMS', 'VIEW', '127.0.0.1', NULL, NULL, NULL, NULL, 'admin', 'Get Claim search list.', NULL, NULL),
	(3550, 'DEALER', NULL, 'LGIN', 'LOGN', '127.0.0.1', 'Login successfully', NULL, NULL, NULL, 'dilanka', NULL, NULL, NULL),
	(3551, 'DEALER', 'UMSC', 'CLAIMS', 'VIEW', '127.0.0.1', NULL, NULL, NULL, NULL, 'dilanka', 'Get Claim search list.', NULL, NULL),
	(3552, 'DEALER', NULL, 'LGIN', 'LOGN', '127.0.0.1', 'Login successfully', NULL, NULL, NULL, 'dilanka', NULL, NULL, NULL),
	(3553, 'DEALER', 'UMSC', 'CLAIMS', 'VIEW', '127.0.0.1', NULL, NULL, NULL, NULL, 'dilanka', 'Get Claim search list.', NULL, NULL),
	(3554, 'DEALER', NULL, 'LGIN', 'LOGN', '127.0.0.1', 'Login successfully', NULL, NULL, NULL, 'dilanka', NULL, NULL, NULL),
	(3555, 'DEALER', 'UMSC', 'CLAIMS', 'VIEW', '127.0.0.1', NULL, NULL, NULL, NULL, 'dilanka', 'Get Claim search list.', NULL, NULL),
	(3556, 'DEALER', 'UMSC', 'CLAIMS', 'VIEW', '127.0.0.1', NULL, NULL, NULL, NULL, 'dilanka', 'Get Claim search list.', NULL, NULL),
	(3557, 'DEALER', 'UMSC', 'CLAIMS', 'VIEW', '127.0.0.1', NULL, NULL, NULL, NULL, 'dilanka', 'Get Claim search list.', NULL, NULL),
	(3558, 'DEALER', 'UMSC', 'CLAIMS', 'VIEW', '127.0.0.1', NULL, NULL, NULL, NULL, 'dilanka', 'Get Claim search list.', NULL, NULL),
	(3559, 'DEALER', 'UMSC', 'CLAIMS', 'VIEW', '127.0.0.1', NULL, NULL, NULL, NULL, 'dilanka', 'Get Claim search list.', NULL, NULL),
	(3560, 'DEALER', 'UMSC', 'CLAIMS', 'VIEW', '127.0.0.1', NULL, NULL, NULL, NULL, 'dilanka', 'Get Claim search list.', NULL, NULL),
	(3561, 'DEALER', NULL, 'LGIN', 'LOGN', '127.0.0.1', 'Login successfully', NULL, NULL, NULL, 'dilanka', NULL, NULL, NULL),
	(3562, 'DEALER', 'UMSC', 'CLAIMS', 'VIEW', '127.0.0.1', NULL, NULL, NULL, NULL, 'dilanka', 'Get Claim search list.', NULL, NULL),
	(3563, 'DEALER', 'UMSC', 'CLAIMS', 'VIEW', '127.0.0.1', NULL, NULL, NULL, NULL, 'dilanka', 'Get Claim search list.', NULL, NULL),
	(3564, 'DEALER', NULL, 'LGIN', 'LOGN', '127.0.0.1', 'Login successfully', NULL, NULL, NULL, 'dilanka', NULL, NULL, NULL),
	(3565, 'DEALER', NULL, 'LGIN', 'LOGN', '127.0.0.1', 'Login successfully', NULL, NULL, NULL, 'dilanka', NULL, NULL, NULL),
	(3566, 'DEALER', 'UMSC', 'CLAIMS', 'VIEW', '127.0.0.1', NULL, NULL, NULL, NULL, 'dilanka', 'Get Claim search list.', NULL, NULL),
	(3567, 'ADMIN', NULL, 'LGIN', 'LOGN', '127.0.0.1', 'Login successfully', NULL, NULL, NULL, 'admin', NULL, NULL, NULL),
	(3568, 'ADMIN', 'UMSC', 'CLAIMS', 'VIEW', '127.0.0.1', NULL, NULL, NULL, NULL, 'admin', 'Get Claim search list.', NULL, NULL),
	(3569, 'ADMIN', 'UMSC', 'CLAIMS', 'VIEW', '127.0.0.1', NULL, NULL, NULL, NULL, 'admin', 'Get Claim search list.', NULL, NULL),
	(3570, 'ADMIN', 'UMSC', 'CLAIMS', 'VIEW', '127.0.0.1', NULL, NULL, NULL, NULL, 'admin', 'Get Claim search list.', NULL, NULL),
	(3571, 'DEALER', NULL, 'LGIN', 'LOGN', '127.0.0.1', 'Login successfully', NULL, NULL, NULL, 'dilanka', NULL, NULL, NULL),
	(3572, 'DEALER', 'UMSC', 'CLAIMS', 'VIEW', '127.0.0.1', NULL, NULL, NULL, NULL, 'dilanka', 'Get Claim search list.', NULL, NULL),
	(3573, 'DEALER', 'UMSC', 'CLAIMS', 'VIEW', '127.0.0.1', NULL, NULL, NULL, NULL, 'dilanka', 'Get Claim search list.', NULL, NULL),
	(3574, 'DEALER', 'UMSC', 'CLAIMS', 'VIEW', '127.0.0.1', NULL, NULL, NULL, NULL, 'dilanka', 'Get Claim search list.', NULL, NULL),
	(3575, 'DEALER', NULL, 'LGIN', 'LOGN', '127.0.0.1', 'Login successfully', NULL, NULL, NULL, 'dilanka', NULL, NULL, NULL),
	(3576, 'DEALER', NULL, 'LGIN', 'LOGN', '127.0.0.1', 'Login successfully', NULL, NULL, NULL, 'dilanka', NULL, NULL, NULL),
	(3577, 'DEALER', NULL, 'LGIN', 'LOGN', '127.0.0.1', 'Login successfully', NULL, NULL, NULL, 'dilanka', NULL, NULL, NULL),
	(3578, 'DEALER', NULL, 'LGIN', 'LOGN', '127.0.0.1', 'Login successfully', NULL, NULL, NULL, 'dilanka', NULL, NULL, NULL),
	(3579, 'DEALER', 'UMSC', 'CLAIMS', 'VIEW', '127.0.0.1', NULL, NULL, NULL, NULL, 'dilanka', 'Get Claim search list.', NULL, NULL),
	(3580, 'DEALER', 'UMSC', 'CLAIMS', 'VIEW', '127.0.0.1', NULL, NULL, NULL, NULL, 'dilanka', 'Get Claim search list.', NULL, NULL),
	(3581, 'DEALER', 'UMSC', 'CLAIMS', 'VIEW', '127.0.0.1', NULL, NULL, NULL, NULL, 'dilanka', 'Get Claim search list.', NULL, NULL),
	(3582, 'DEALER', 'UMSC', 'CLAIMS', 'VIEW', '127.0.0.1', NULL, NULL, NULL, NULL, 'dilanka', 'Get Claim search list.', NULL, NULL),
	(3583, 'ADMIN', NULL, 'LGIN', 'LOGN', '127.0.0.1', 'Login successfully', NULL, NULL, NULL, 'admin', NULL, NULL, NULL),
	(3584, 'ADMIN', 'UMSC', 'CLAIMS', 'VIEW', '127.0.0.1', NULL, NULL, NULL, NULL, 'admin', 'Get Claim search list.', NULL, NULL),
	(3585, 'ADMIN', 'UMSC', 'CLAIMS', 'VIEW', '127.0.0.1', NULL, NULL, NULL, NULL, 'admin', 'Get Claim search list.', NULL, NULL),
	(3586, 'ADMIN', 'UMSC', 'CLAIMS', 'VIEW', '127.0.0.1', NULL, NULL, NULL, NULL, 'admin', 'Get Claim search list.', NULL, NULL),
	(3587, 'DEALER', NULL, 'LGIN', 'LOGN', '127.0.0.1', 'Login successfully', NULL, NULL, NULL, 'dilanka', NULL, NULL, NULL),
	(3588, 'DEALER', 'UMSC', 'CLAIMS', 'VIEW', '127.0.0.1', NULL, NULL, NULL, NULL, 'dilanka', 'Get Claim search list.', NULL, NULL),
	(3589, 'DEALER', 'UMSC', 'CLAIMS', 'VIEW', '127.0.0.1', NULL, NULL, NULL, NULL, 'dilanka', 'Get Claim search list.', NULL, NULL),
	(3590, 'DEALER', NULL, 'LGIN', 'LOGN', '127.0.0.1', 'Login successfully', NULL, NULL, NULL, 'dilanka', NULL, NULL, NULL),
	(3591, 'DEALER', 'SCSC', 'DEALERSHIP', 'VIEW', '127.0.0.1', NULL, NULL, NULL, NULL, 'dilanka', 'Get dealership search list.', NULL, NULL),
	(3592, 'DEALER', 'UMSC', 'CLAIMS', 'VIEW', '127.0.0.1', NULL, NULL, NULL, NULL, 'dilanka', 'Get Claim search list.', NULL, NULL),
	(3593, 'ADMIN', NULL, 'LGIN', 'LOGN', '127.0.0.1', 'Login successfully', NULL, NULL, NULL, 'admin', NULL, NULL, NULL),
	(3594, 'ADMIN', 'UMSC', 'URMT', 'VIEW', '127.0.0.1', NULL, NULL, NULL, NULL, 'admin', 'Get user role search list.', NULL, NULL),
	(3595, 'ADMIN', 'UMSC', 'URMT', 'ASGNPAGE', '127.0.0.1', NULL, NULL, NULL, NULL, 'admin', 'Assign task to user role (user role code: DEALER) by admin', NULL, NULL),
	(3596, 'ADMIN', 'UMSC', 'URMT', 'VIEW', '127.0.0.1', NULL, NULL, NULL, NULL, 'admin', 'Get user role search list.', NULL, NULL),
	(3597, 'ADMIN', 'UMSC', 'URMT', 'ASGNPAGE', '127.0.0.1', NULL, NULL, NULL, NULL, 'admin', 'Assign page to user role (user role code: DEALER) by admin', NULL, NULL),
	(3598, 'ADMIN', 'UMSC', 'URMT', 'VIEW', '127.0.0.1', NULL, NULL, NULL, NULL, 'admin', 'Get user role search list.', NULL, NULL),
	(3599, 'ADMIN', NULL, 'LGIN', 'LOGN', '127.0.0.1', 'Login successfully', NULL, NULL, NULL, 'admin', NULL, NULL, NULL),
	(3600, 'DEALER', NULL, 'LGIN', 'LOGN', '127.0.0.1', 'Login successfully', NULL, NULL, NULL, 'dilanka', NULL, NULL, NULL),
	(3601, 'DEALER', 'UMSC', 'CLAIMS', 'VIEW', '127.0.0.1', NULL, NULL, NULL, NULL, 'dilanka', 'Get Claim search list.', NULL, NULL),
	(3602, 'DEALER', NULL, 'LGIN', 'LOGN', '127.0.0.1', 'Login successfully', NULL, NULL, NULL, 'dilanka', NULL, NULL, NULL),
	(3603, 'DEALER', 'UMSC', 'CLAIMS', 'VIEW', '127.0.0.1', NULL, NULL, NULL, NULL, 'dilanka', 'Get Claim search list.', NULL, NULL),
	(3604, 'DEALER', NULL, 'LGIN', 'LOGN', '127.0.0.1', 'Login successfully', NULL, NULL, NULL, 'dilanka', NULL, NULL, NULL),
	(3605, 'DEALER', 'UMSC', 'CLAIMS', 'VIEW', '127.0.0.1', NULL, NULL, NULL, NULL, 'dilanka', 'Get Claim search list.', NULL, NULL),
	(3606, 'DEALER', 'UMSC', 'CLAIMS', 'VIEW', '127.0.0.1', NULL, NULL, NULL, NULL, 'dilanka', 'Get Claim search list.', NULL, NULL),
	(3607, 'DEALER', NULL, 'LGIN', 'LOGN', '127.0.0.1', 'Login successfully', NULL, NULL, NULL, 'dilanka', NULL, NULL, NULL),
	(3608, 'DEALER', 'UMSC', 'CLAIMS', 'VIEW', '127.0.0.1', NULL, NULL, NULL, NULL, 'dilanka', 'Get Claim search list.', NULL, NULL),
	(3609, 'ADMIN', NULL, 'LGIN', 'LOGN', '127.0.0.1', 'Login successfully', NULL, NULL, NULL, 'admin', NULL, NULL, NULL),
	(3610, 'ADMIN', 'UMSC', 'CLAIMS', 'VIEW', '127.0.0.1', NULL, NULL, NULL, NULL, 'admin', 'Get Claim search list.', NULL, NULL),
	(3611, 'ADMIN', 'UMSC', 'URMT', 'VIEW', '127.0.0.1', NULL, NULL, NULL, NULL, 'admin', 'Get user role search list.', NULL, NULL),
	(3612, 'ADMIN', 'UMSC', 'URMT', 'ASGNPAGE', '127.0.0.1', NULL, NULL, NULL, NULL, 'admin', 'Assign task to user role (user role code: DEALER) by admin', NULL, NULL),
	(3613, 'ADMIN', 'UMSC', 'URMT', 'VIEW', '127.0.0.1', NULL, NULL, NULL, NULL, 'admin', 'Get user role search list.', NULL, NULL),
	(3614, 'DEALER', NULL, 'LGIN', 'LOGN', '127.0.0.1', 'Login successfully', NULL, NULL, NULL, 'dilanka', NULL, NULL, NULL),
	(3615, 'DEALER', 'UMSC', 'CLAIMS', 'VIEW', '127.0.0.1', NULL, NULL, NULL, NULL, 'dilanka', 'Get Claim search list.', NULL, NULL),
	(3616, 'DEALER', NULL, 'LGIN', 'LOGN', '127.0.0.1', 'Login successfully', NULL, NULL, NULL, 'dilanka', NULL, NULL, NULL),
	(3617, 'DEALER', 'UMSC', 'CLAIMS', 'VIEW', '127.0.0.1', NULL, NULL, NULL, NULL, 'dilanka', 'Get Claim search list.', NULL, NULL),
	(3618, 'ADMIN', NULL, 'LGIN', 'LOGN', '127.0.0.1', 'Login successfully', NULL, NULL, NULL, 'admin', NULL, NULL, NULL),
	(3619, 'ADMIN', 'UMSC', 'CLAIMS', 'VIEW', '127.0.0.1', NULL, NULL, NULL, NULL, 'admin', 'Get Claim search list.', NULL, NULL),
	(3620, 'ADMIN', 'UMSC', 'URMT', 'VIEW', '127.0.0.1', NULL, NULL, NULL, NULL, 'admin', 'Get user role search list.', NULL, NULL),
	(3621, 'ADMIN', 'UMSC', 'URMT', 'ASGNPAGE', '127.0.0.1', NULL, NULL, NULL, NULL, 'admin', 'Assign task to user role (user role code: DEALER) by admin', NULL, NULL),
	(3622, 'ADMIN', 'UMSC', 'URMT', 'VIEW', '127.0.0.1', NULL, NULL, NULL, NULL, 'admin', 'Get user role search list.', NULL, NULL);

-- Dumping structure for table rdbsmsdev.web_systemuser
CREATE TABLE IF NOT EXISTS `web_systemuser` (
  `USERNAME` varchar(64) NOT NULL,
  `PASSWORD` varchar(256) DEFAULT NULL,
  `USERROLE` varchar(16) DEFAULT NULL,
  `EXPIRYDATE` datetime DEFAULT NULL,
  `FULLNAME` varchar(256) DEFAULT NULL,
  `EMAIL` varchar(255) DEFAULT NULL,
  `MOBILE` varchar(16) DEFAULT NULL,
  `NOOFINVLIDATTEMPT` int(11) DEFAULT 0,
  `LOGGEDDATE` datetime DEFAULT NULL,
  `INITIALLOGINSTATUS` int(11) DEFAULT 0,
  `AD` int(11) DEFAULT 0,
  `STATUS` varchar(16) DEFAULT 'ACT',
  `NIC` varchar(16) DEFAULT NULL,
  `SERVICEID` varchar(16) DEFAULT NULL,
  `LASTUPDATEDUSER` varchar(255) DEFAULT NULL,
  `LASTUPDATEDTIME` datetime DEFAULT current_timestamp(),
  `CREATETIME` datetime DEFAULT current_timestamp(),
  `CREATEDUSER` varchar(64) DEFAULT NULL,
  `DEALERSHIP` varchar(20) DEFAULT NULL,
  PRIMARY KEY (`USERNAME`),
  KEY `WEB_SYSTEMUSER_USERROLE_FK` (`USERROLE`),
  KEY `WEB_SYSTEMUSER_STATUS_FK` (`STATUS`),
  CONSTRAINT `WEB_SYSTEMUSER_STATUS_FK` FOREIGN KEY (`STATUS`) REFERENCES `status` (`STATUSCODE`),
  CONSTRAINT `WEB_SYSTEMUSER_USERROLE_FK` FOREIGN KEY (`USERROLE`) REFERENCES `userrole` (`USERROLECODE`)
) ENGINE=InnoDB DEFAULT CHARSET=latin1;

-- Dumping data for table rdbsmsdev.web_systemuser: ~6 rows (approximately)
INSERT INTO `web_systemuser` (`USERNAME`, `PASSWORD`, `USERROLE`, `EXPIRYDATE`, `FULLNAME`, `EMAIL`, `MOBILE`, `NOOFINVLIDATTEMPT`, `LOGGEDDATE`, `INITIALLOGINSTATUS`, `AD`, `STATUS`, `NIC`, `SERVICEID`, `LASTUPDATEDUSER`, `LASTUPDATEDTIME`, `CREATETIME`, `CREATEDUSER`, `DEALERSHIP`) VALUES
	('admin', 'ca978112ca1bbdcafac231b39a23dc4da786eff8147c4e72b9807785afee48bb', 'ADMIN', '2030-12-09 12:36:01', 'Admin', 'admin@epiclanka.net', '0777123456', 0, '2022-09-30 19:22:40', 0, 0, 'ACT', '913410602V', '32422', 'admin', '2022-09-30 19:22:40', '2021-01-15 00:00:00', 'admin', 'DEAL-0002'),
	('dilanka', 'ca978112ca1bbdcafac231b39a23dc4da786eff8147c4e72b9807785afee48bb', 'DEALER', '2030-12-09 12:36:01', 'Dilanka Wagachchi', 'dilanka_w@epiclanka.net', '0713535210', 0, '2022-09-30 19:22:05', 0, 0, 'ACT', '913410605V', '32425', 'admin', '2022-09-30 19:22:05', '2021-01-15 00:00:00', 'admin', 'DEAL-0005'),
	('jayana', 'ca978112ca1bbdcafac231b39a23dc4da786eff8147c4e72b9807785afee48bb', 'ADMIN', '2030-12-09 12:36:01', 'Jayana Illuwkatte', 'admin@dsa.lk', '2123123123', 0, '2022-09-14 12:32:50', 0, 0, 'ACT', '913410604V', '32424', 'dilanka', '2022-07-04 13:49:05', '2022-06-25 15:10:10', 'admin', 'DEAL-0002'),
	('kasun', '12345', 'ADMIN', '2022-10-02 16:07:41', 'kasun', 'kasun@gmail.com', '0710613134', 0, NULL, 0, 0, 'NEW', '882901360V', NULL, 'admin', '2022-09-29 16:40:30', '2022-09-29 16:07:41', 'admin', 'wew - 222'),
	('rahul', 'ca978112ca1bbdcafac231b39a23dc4da786eff8147c4e72b9807785afee48bb', 'ADMIN', '2030-12-09 12:36:01', 'Rahul Satheesh', 'satheesh_m@epiclanka.net', '0777123456', 0, '2022-09-14 12:32:50', 0, 0, 'ACT', '913410603V', '32423', 'admin', '2022-06-29 22:29:08', '2021-04-27 00:00:00', 'admin', 'DEAL-0004'),
	('yasas', 'ca978112ca1bbdcafac231b39a23dc4da786eff8147c4e72b9807785afee48bb', 'HEADOFFICE', '2030-12-09 12:36:01', 'John Does', 'admin@epiclanka.net', '0777123456', 0, '2022-09-28 18:26:53', 0, 0, 'ACT', '913410601V', '32421', 'admin', '2022-09-29 16:06:50', '2021-01-15 00:00:00', 'admin', '1201444444');

-- Dumping structure for table rdbsmsdev.web_task
CREATE TABLE IF NOT EXISTS `web_task` (
  `TASKCODE` varchar(16) NOT NULL,
  `DESCRIPTION` varchar(32) DEFAULT NULL,
  `STATUS` varchar(16) DEFAULT NULL,
  `LASTUPDATEDUSER` varchar(64) DEFAULT NULL,
  `LASTUPDATEDTIME` datetime DEFAULT current_timestamp(),
  `CREATEDTIME` datetime DEFAULT current_timestamp(),
  `CREATEDUSER` varchar(64) DEFAULT NULL,
  PRIMARY KEY (`TASKCODE`),
  KEY `WEB_TASK_STATUS_FK` (`STATUS`),
  CONSTRAINT `WEB_TASK_STATUS_FK` FOREIGN KEY (`STATUS`) REFERENCES `status` (`STATUSCODE`)
) ENGINE=InnoDB DEFAULT CHARSET=latin1;

-- Dumping data for table rdbsmsdev.web_task: ~20 rows (approximately)
INSERT INTO `web_task` (`TASKCODE`, `DESCRIPTION`, `STATUS`, `LASTUPDATEDUSER`, `LASTUPDATEDTIME`, `CREATEDTIME`, `CREATEDUSER`) VALUES
	('ADD', 'Add', 'ACT', 'shalika', '2021-02-02 00:00:00', '2021-01-12 00:00:00', 'admin'),
	('ASGNPAGE', 'Assign Page', 'ACT', 'admin', '2021-01-22 00:00:00', '2021-01-22 00:00:00', 'admin'),
	('ASGNTASK', 'Assign Task', 'ACT', 'admin', '2021-01-22 00:00:00', '2021-01-22 00:00:00', 'admin'),
	('BGBF', 'VDFVVDVFbh', 'ACT', 'admin', '2021-12-09 13:46:21', '2021-12-09 13:45:18', 'admin'),
	('CONF', 'Confirm', 'ACT', 'admin', '2021-01-12 00:00:00', '2021-01-12 00:00:00', 'admin'),
	('DDD', 'SavingsSQL', 'ACT', 'admin', '2021-10-22 00:00:00', '2021-10-22 00:00:00', NULL),
	('DEL', 'Delete', 'ACT', 'admin', '2021-01-12 00:00:00', '2021-01-12 00:00:00', 'admin'),
	('DIL', 'user role1', 'ACT', 'dilanka', '2021-11-25 16:49:48', '2021-11-25 16:47:59', NULL),
	('DT1', 'Task 1132323csdsd', 'RES', 'admin', '2022-07-19 16:21:48', '2021-12-10 09:22:41', 'dilanka'),
	('DWLD', 'Download', 'ACT', 'admin', '2021-01-12 00:00:00', '2021-01-12 00:00:00', 'admin'),
	('HOLD', 'hold', 'ACT', 'admin', '2021-04-06 00:00:00', '2021-04-06 00:00:00', 'admin'),
	('LGOT', 'Logout', 'ACT', 'admin', '2021-01-12 00:00:00', '2021-01-12 00:00:00', 'admin'),
	('LOGIN', 'Login', 'ACT', 'admin', '2021-01-22 00:00:00', '2021-01-22 00:00:00', 'admin'),
	('LOGN', 'Login', 'ACT', 'admin', '2021-01-12 00:00:00', '2021-01-12 00:00:00', 'admin'),
	('PRO', 'Process', 'ACT', 'admin', '2021-04-06 00:00:00', '2021-04-06 00:00:00', 'admin'),
	('REJT', 'Reject', 'ACT', 'admin', '2021-01-12 00:00:00', '2021-01-12 00:00:00', 'admin'),
	('SEND', 'Send 123', 'ACT', 'dilanka', '2021-04-21 00:00:00', '2021-04-06 00:00:00', 'admin'),
	('SRCH', 'Search', 'ACT', 'admin', '2021-01-12 00:00:00', '2021-01-12 00:00:00', 'admin'),
	('UPDATE', 'Update', 'ACT', 'admin', '2021-01-12 00:00:00', '2021-01-12 00:00:00', 'admin'),
	('VIEW', 'View', 'ACT', 'admin', '2021-01-12 00:00:00', '2021-01-12 00:00:00', 'admin');

-- Dumping structure for table rdbsmsdev.web_tmpauthrec
CREATE TABLE IF NOT EXISTS `web_tmpauthrec` (
  `ID` int(11) NOT NULL AUTO_INCREMENT,
  `PAGE` varchar(16) DEFAULT NULL,
  `TASK` varchar(16) DEFAULT NULL,
  `KEY1` varchar(300) DEFAULT NULL,
  `KEY2` varchar(300) DEFAULT NULL,
  `KEY3` varchar(300) DEFAULT NULL,
  `KEY4` varchar(300) DEFAULT NULL,
  `KEY5` varchar(300) DEFAULT NULL,
  `KEY6` varchar(300) DEFAULT NULL,
  `KEY7` varchar(300) DEFAULT NULL,
  `KEY8` varchar(300) DEFAULT NULL,
  `KEY9` varchar(300) DEFAULT NULL,
  `KEY10` varchar(300) DEFAULT NULL,
  `KEY11` varchar(300) DEFAULT NULL,
  `KEY12` varchar(300) DEFAULT NULL,
  `KEY13` varchar(300) DEFAULT NULL,
  `KEY14` varchar(300) DEFAULT NULL,
  `KEY15` varchar(300) DEFAULT NULL,
  `KEY16` varchar(300) DEFAULT NULL,
  `KEY17` varchar(300) DEFAULT NULL,
  `KEY18` varchar(300) DEFAULT NULL,
  `KEY19` varchar(300) DEFAULT NULL,
  `KEY20` varchar(300) DEFAULT NULL,
  `STATUS` varchar(16) DEFAULT NULL,
  `CREATEDTIME` datetime(6) DEFAULT NULL,
  `LASTUPDATEDTIME` datetime(6) DEFAULT NULL,
  `LASTUPDATEDUSER` varchar(64) DEFAULT NULL,
  `TMPRECORD` varchar(2048) DEFAULT NULL,
  PRIMARY KEY (`ID`),
  KEY `WEB_TMPAUTHREC_STATUS_FK` (`STATUS`),
  CONSTRAINT `WEB_TMPAUTHREC_STATUS_FK` FOREIGN KEY (`STATUS`) REFERENCES `status` (`STATUSCODE`)
) ENGINE=InnoDB AUTO_INCREMENT=382 DEFAULT CHARSET=latin1;

-- Dumping data for table rdbsmsdev.web_tmpauthrec: ~0 rows (approximately)

-- Dumping structure for table rdbsmsdev.web_userrolesection
CREATE TABLE IF NOT EXISTS `web_userrolesection` (
  `USERROLE` varchar(16) NOT NULL,
  `SECTION` varchar(16) NOT NULL,
  `LASTUPDATEDUSER` varchar(64) DEFAULT NULL,
  `LASTUPDATEDTIME` datetime DEFAULT current_timestamp(),
  `CREATETIME` datetime DEFAULT current_timestamp(),
  PRIMARY KEY (`USERROLE`,`SECTION`),
  KEY `WEB_USERROLESECTION_SECTION` (`SECTION`),
  CONSTRAINT `WEB_USERROLESECTION_SECTION` FOREIGN KEY (`SECTION`) REFERENCES `web_section` (`SECTIONCODE`),
  CONSTRAINT `WEB_USERROLESECTION_USERROLE` FOREIGN KEY (`USERROLE`) REFERENCES `userrole` (`USERROLECODE`)
) ENGINE=InnoDB DEFAULT CHARSET=latin1;

-- Dumping data for table rdbsmsdev.web_userrolesection: ~0 rows (approximately)

/*!40103 SET TIME_ZONE=IFNULL(@OLD_TIME_ZONE, 'system') */;
/*!40101 SET SQL_MODE=IFNULL(@OLD_SQL_MODE, '') */;
/*!40014 SET FOREIGN_KEY_CHECKS=IFNULL(@OLD_FOREIGN_KEY_CHECKS, 1) */;
/*!40101 SET CHARACTER_SET_CLIENT=@OLD_CHARACTER_SET_CLIENT */;
/*!40111 SET SQL_NOTES=IFNULL(@OLD_SQL_NOTES, 1) */;
